district,type,location
영등포구,개방형,영등포구 한강프리젠
영등포구,개방형,영등포구 프리가
영등포구,개방형,영등포구 에이스 테크노타워
영등포구,개방형,영등포구 고려빌딩
영등포구,개방형,영등포구 리버타워오피스텔
영등포구,개방형,영등포구 금강빌딩
영등포구,개방형,영등포구 두일빌딩
영등포구,개방형,영등포구 영등포아트자이아파트
영등포구,개방형,영등포구 데시잉루브
영등포구,개방형,영등포구 금산빌딩
영등포구,개방형,영등포구 홍진빌딩
영등포구,개방형,영등포구 리앤나빌리지
영등포구,개방형,영등포구 중앙빌딩
영등포구,개방형,영등포구 JB빌딩
영등포구,개방형,영등포구 금융투자센터빌딩
영등포구,개방형,영등포구 아이에스비즈타워 1차
영등포구,개방형,영등포구 LG트윈타워빌딩
영등포구,개방형,영등포구 오성빌딩
영등포구,개방형,영등포구 토산빌딩
영등포구,개방형,영등포구 도림시장㈜
영등포구,개방형,영등포구 우림이비지센터
영등포구,개방형,영등포구 제일빌딩
영등포구,개방형,영등포구 에이스하이테크시티2
영등포구,개방형,영등포구 에이스하이테크시티
영등포구,개방형,영등포구 SK V1 center
영등포구,개방형,영등포구 아이에스비즈타워 2차
영등포구,개방형,영등포구 은석 오피스텔
영등포구,개방형,영등포구 하나비즈타워
영등포구,개방형,영등포구 유성빌딩
영등포구,개방형,영등포구 대륭빌딩
영등포구,개방형,영등포구 태양빌딩
영등포구,개방형,영등포구 백상빌딩
영등포구,개방형,영등포구 센터플러스
영등포구,개방형,"영등포구 선유도우림아이온스밸리 A,B동"
영등포구,개방형,영등포구 금강펜테리움IT타워
영등포구,개방형,영등포구 타원벨라움
영등포구,개방형,영등포구 데시앙루브
영등포구,개방형,영등포구 문래임광그대가
영등포구,개방형,영등포구 양평 이노플렉스
영등포구,개방형,영등포구 삼성타운
영등포구,개방형,영등포구 한서리버파크
영등포구,개방형,영등포구 트리플렉스
영등포구,개방형,영등포구 아라비즈타워
영등포구,개방형,영등포구 에이스테크노타워
영등포구,개방형,영등포구 선유로코오롱디지털타워
영등포구,개방형,영등포구 한양아이크랠스
영등포구,개방형,영등포구 양평우림보보카운티
영등포구,개방형,영등포구 하우스디비즈 지식산업센터
영등포구,개방형,영등포구 홍우빌딩
영등포구,개방형,영등포구 가든빌딩
영등포구,개방형,영등포구 삼성 코코빌
영등포구,개방형,영등포구 정우빌딩
영등포구,개방형,영등포구 월드메르디앙비즈센터
영등포구,개방형,영등포구 맨하탄빌딩
영등포구,개방형,영등포구 NH투자증권본사
영등포구,개방형,영등포구 코레일유통
영등포구,개방형,영등포구 한국우편사업진흥원
영등포구,개방형,영등포구 대림중앙시장
영등포구,개방형,영등포구 여의도 한화증권 앞
영등포구,개방형,영등포구 여의도 오투타워 앞
영등포구,개방형,영등포구 여의도 한화손해빌딩 앞
영등포구,개방형,영등포구 한국교직원공제회관 앞
영등포구,개방형,영등포구 여의도역3번출구 뒤쪽
영등포구,개방형,영등포구 상희익스콘벤터타워 1
영등포구,개방형,영등포구 상희익스콘벤터타워 2
영등포구,개방형,영등포구 한국투자증권 앞
영등포구,개방형,영등포구 한국거래소 앞1
영등포구,개방형,영등포구 한국거래소 앞2
영등포구,개방형,영등포구 파크원
영등포구,개방형,서울 영등포구 노들로 99
용산구,개방형,용산구 서울역 광장 15번출구
용산구,개방형,용산구 서울역 광장 1번출구
용산구,개방형,용산구 용산역 광장
용산구,개방형,용산구 용산구청 옥상
용산구,개방형,용산구 용산구청 2층 외부
용산구,개방형,용산구 용산경찰서 1층 외부
용산구,개방형,용산구 원효지구대 방범순찰대(옛 용산구청)
용산구,개방형,용산구 서울지방보훈청 실외
용산구,개방형,용산구 용산세무서 1층 외부
용산구,개방형,용산구 국방부 컨벤스 1층 외부
용산구,개방형,용산구 순천향대학교 서울병원 장례식장 외부
용산구,개방형,용산구 순천향대학교 서울병원 신관 옥상
용산구,개방형,용산구 1층 외부 주차장 가는길 휴식장소
용산구,개방형,용산구 아이파크몰 달 주차장 4.5층
용산구,개방형,용산구 아이파크몰 해 주차장 4.5층
용산구,개방형,용산구 아이파크몰 8층 옥상
용산구,개방형,용산구 선인상가 21동 1층 외부
용산구,개방형,용산구 선인상가 21동 옥상
용산구,개방형,용산구 1층 공유지
용산구,개방형,용산구 주차장 지하 1층
용산구,개방형,용산구 아모레퍼시픽 10층 테라스
용산구,개방형,용산구 제일기획 1층 외부 주차장
용산구,개방형,용산구 건물 옥상
용산구,개방형,용산구 충영빌딩 옥상
용산구,개방형,"용산구 e테크밸리 공개공지, 옥상"
용산구,개방형,용산구 삼원빌딩 옥상
용산구,개방형,용산구 대교빌딩 옥상
용산구,개방형,용산구 현대자동차사옥 옥상
용산구,개방형,용산구 진성빌딩 옥상
용산구,개방형,용산구 미성상사㈜ 1층 외부
용산구,개방형,용산구 미성상사 공장 옥상
용산구,개방형,용산구 조양빌딩 옥상
용산구,개방형,용산구 하나실업빌딩 옥상
용산구,개방형,용산구 오리온제과 옥상
용산구,개방형,"용산구 오리온제과 공장 옥상, 주차장"
용산구,개방형,"용산구 우경빌딩 옥상, 1층 외부"
용산구,개방형,용산구 POBA 지방행정공제회 건물 1층 주차장
용산구,개방형,용산구 넥서스밸리 1층 외부
용산구,개방형,용산구 GS한강에끌라트 1층 외부
용산구,개방형,용산구 한강그랜드오피스 주차장 옆
용산구,개방형,"용산구 용산전자오피스텔 옥상, 건물옆"
용산구,개방형,용산구 NH농협은행 용산별관(하나로마트) 옥상
용산구,개방형,"용산구 대우아이빌 16층 옥상, 1층 외부"
용산구,개방형,용산구 유베이스 1층 외부
용산구,개방형,용산구 대원빌딩 1층 현관옆
용산구,개방형,용산구 기독교대한감리회여선교회관 1층 외부
용산구,개방형,용산구 일각빌딩 5층
용산구,개방형,용산구 한남빌딩 5층 외부
용산구,개방형,용산구 남영비비안 1층 외부(정자)
용산구,개방형,용산구 서울역 풍림 아이원플러스 공개공지
용산구,개방형,용산구 세광음악사 옥상
용산구,개방형,용산구 한화빌딩 1층 외부
용산구,개방형,용산구 보은개발빌딩 옥상
용산구,개방형,용산구 애전빌딩 옥상
용산구,개방형,용산구 한진중공업 빌딩 5층 외부
용산구,개방형,용산구 KCC IT빌딩 옥상
용산구,개방형,용산구 금강토탈패션할인매장 주차장
용산구,개방형,용산구 용산빌딩 1층 외부(건물뒤편)
용산구,개방형,용산구 청룡빌딩 주차장
용산구,개방형,"용산구 롯데지알에스 옥상, 주차장"
용산구,개방형,용산구 금강빌딩 주차장
용산구,개방형,용산구 수빌딩 옥상
용산구,개방형,용산구 우리빌딩 주차장
용산구,개방형,용산구 기업은행용산지점 2층 베란다
용산구,개방형,용산구 진흥빌딩 옥상
용산구,개방형,용산구 한치과의원 건물 주차장
용산구,폐쇄형,용산구 LS용산타워 주차장
용산구,폐쇄형,용산구 용산더프라임 업무동 지하 1층
용산구,개방형,용산구 한국폴리텍대학 정수캠퍼스
중구,폐쇄형,중구 남대문로 81 을지로입구역 8번출구
중구,폐쇄형,중구 을지로 35 하나은행본점
중구,폐쇄형,중구 을지로 66 하나카드본사
중구,개방형,중구 삼일대로 363 장교빌딩
중구,개방형,중구 장충단로 275 두산타워
중구,폐쇄형,중구 한강대로 416 서울역 8번 출구
광진구 ,폐쇄형,광진구 자양로 167 광진경찰서
광진구 ,개방형,광진구 광나루로 480
광진구 ,개방형,광진구 광나루로 481
광진구 ,개방형,광진구 자양로 76
광진구 ,개방형,광진구 자양로 77
광진구 ,개방형,광진구 자양로 78
광진구 ,개방형,광진구 자양로 79
광진구 ,개방형,광진구 자양로 80
광진구 ,개방형,광진구 자양로 81
광진구 ,개방형,광진구 자양로 82
광진구 ,개방형, 광진구 구의동 587
광진구 ,개방형, 광진구 자양1동777
광진구 ,개방형, 광진구 자양1동778
광진구 ,개방형, 광진구 자양1동779
광진구 ,개방형, 광진구 화양동 132-68
광진구 ,개방형,광진구 천호대로 716-10
광진구 ,개방형,광진구 천호대로 716-11
광진구 ,개방형,광진구 천호대로 716-12
광진구 ,개방형,광진구 천호대로 716-13
광진구 ,개방형,능동로17길39
광진구 ,개방형,아차산로 567
광진구 ,개방형,능동로242
광진구 ,개방형,광나루로480
광진구 ,개방형,광나루로481
광진구 ,개방형,광진구 강변북로 26
광진구 ,폐쇄형,천호대로 731
광진구 ,개방형,서울 광진구 용마산로 127
광진구 ,개방형,능동로 209
광진구 ,개방형,능동로 210
광진구 ,개방형,능동로 211
광진구 ,개방형,능동로 212
광진구 ,개방형,능동로 213
광진구 ,개방형,능동로 214
광진구 ,개방형,능동로 215
광진구 ,개방형,능동로 216
광진구 ,개방형,광진구 건국대학교 행정관 뒤(사범대학방향 계단옆)
광진구 ,폐쇄형 ,광진구 건국대학교 경영관 뒤
광진구 ,폐쇄형 ,광진구 건국대학교 예술문화관 뒤
광진구 ,개방형,광진구 건국대학교 상허기념도서관 동측
광진구 ,개방형,광진구 생명과학관 뒤
광진구 ,개방형,광진구 건국대학교 법학관 앞
광진구 ,개방형,광진구 건국대학교 산학협동관 주차장
광진구 ,개방형,광진구 건국대학교수의학관 주차장
광진구 ,폐쇄형,광진구 건국대학교 새천년관 지하 2층 출입문 옆
광진구 ,개방형,"광진구 건국대학교 건축관 앞, 18해봉부동산확과 뒤"
광진구 ,개방형,광진구 건국대학교 인문학관
광진구 ,폐쇄형,광진구 건국대학교 공학관 중앙정원
광진구 ,개방형,광진구 건국대학교 공학관 C동 뒤
광진구 ,폐쇄형,광진구 건국대학교 신공학관 앞
광진구 ,개방형,광진구 건국대학교 신공학관 앞
광진구 ,폐쇄형,광진구 건국대학교 과학관 북측
광진구 ,개방형,광진구 건국대학교 쿨하우스 뒤
광진구 ,개방형,광진구 건국대학교 황소상공원 앞(누렁)
광진구 ,개방형,광진구 건국대학교 황소상공원 앞(검정)
광진구 ,개방형,"서울특별시 광진구 동일로 82-1, 생생한방병원 지하1~5층 (자양동)"
광진구 ,개방형,"서울특별시 광진구 동일로 92-1, B1~2, 3~7층 (자양동)"
광진구 ,개방형,서울특별시 광진구 용마산로 127
광진구 ,폐쇄형,천호대로 664
광진구 ,폐쇄형,능동로 120
광진구 ,폐쇄형,능동로 209
광진구 ,개방형,아차산로 272(자양동)(지하 1층)
광진구 ,개방형,능동로 92(자양동)(지하6~지상10)
광진구 ,폐쇄형,아차산로 200  (자양동)(지하1~지상4)
광진구 ,폐쇄형,아차산로 200  (자양동)(지하1~지상5)
광진구 ,폐쇄형,아차산로 200  (자양동)(지하1~지상6)
광진구 ,개방형,광나루로56길  85(구의동)(지하1~지상9)
광진구 ,개방형,광나루로56길  85(구의동)(지하1~지상10)
광진구 ,개방형,광나루로56길  85(구의동)(지하1~지상11)
광진구 ,개방형,광나루로56길  85(구의동)(지하1~지상12)
광진구 ,개방형,광나루로56길  85(구의동)(지하1~지상13)
광진구 ,폐쇄형,서울특별시 광진구 워커힐로 177 
광진구 ,폐쇄형,서울특별시 광진구 워커힐로 178 
광진구 ,폐쇄형,서울특별시 광진구 능동로 90 
광진구 ,폐쇄형,서울특별시 광진구 천호대로 521
광진구 ,폐쇄형,서울특별시 광진구 동일로 214 
광진구 ,개방형,서울특별시 광진구 동일로 172
광진구 ,개방형,서울특별시 광진구 동일로 173
광진구 ,폐쇄형,서울특별시 광진구 자양로53길 109 (중곡동)
광진구 ,폐쇄형,"서울특별시 광진구 용마산로 171, 지하1~지상2층 (중곡동)"
광진구 ,폐쇄형,"서울특별시 광진구 용마산로 171, 지하1~지상3층 (중곡동)"
광진구 ,폐쇄형,"서울특별시 광진구 광나루로56길 63, 지층 (구의동, 프라임프라자상가)"
광진구 ,폐쇄형,"서울특별시 광진구 광나루로56길 64, 지층 (구의동, 프라임프라자상가)"
광진구 ,폐쇄형,"서울특별시 광진구 용마산로 44, 지하1층 (중곡동)"
광진구 ,폐쇄형,서울특별시 광진구 자양로 135 (자양동)
광진구 ,폐쇄형,서울특별시 광진구 구의강변로 45 (구의동)
광진구 ,폐쇄형,서울특별시 광진구 구의강변로 46 (구의동)
광진구 ,폐쇄형,서울특별시 광진구 워커힐로 177 (광장동)
광진구 ,개방형,서울특별시 광진구 아차산로76가길 4 (광장동)
광진구 ,개방형,"서울특별시 광진구 천호대로 813 (광장동,7,8,9 호 1F)"
광진구 ,폐쇄형,"서울특별시 광진구 아차산로76길 19 (광장동,(3층))"
광진구 ,폐쇄형,서울특별시 광진구 자양로18길 11 (구의동)
광진구 ,폐쇄형,"서울특별시 광진구 자양로18길 53, 2층 (구의동)"
광진구 ,폐쇄형,"서울특별시 광진구 자양로18길 17, 2층 (구의동)"
광진구 ,개방형,"서울특별시 광진구 천호대로 659, 2층 (구의동)"
광진구 ,개방형,서울특별시 광진구 천호대로 682 (구의동)
광진구 ,개방형,"서울특별시 광진구 천호대로 694 (구의동,(1층))"
광진구 ,개방형,"서울특별시 광진구 천호대로 685, 1,2층 (구의동)"
광진구 ,개방형,"서울특별시 광진구 자양로 324, 약수목욕탕 1층 (구의동)"
광진구 ,폐쇄형,"서울특별시 광진구 아차산로 426, 1,2,3,4층 (구의동)"
광진구 ,폐쇄형,"서울특별시 광진구 강변역로 50, 동서울종합터미널 2층 (구의동)"
광진구 ,폐쇄형,서울특별시 광진구 군자로 183 (군자동)
광진구 ,폐쇄형,"서울특별시 광진구 능동로35길 24 (군자동,지하1층)"
광진구 ,폐쇄형,"서울특별시 광진구 능동로 289 (군자동,(1층))"
광진구 ,개방형,"서울특별시 광진구 능동로36길 187, 공원갈비 1~2층 (능동)"
광진구 ,폐쇄형,"서울특별시 광진구 능동로 31, 지하1층 (자양동)"
광진구 ,폐쇄형,"서울특별시 광진구 아차산로 384, 태양빌딩 1층 (자양동)"
광진구 ,폐쇄형,"서울특별시 광진구 뚝섬로 621, 2층 (자양동)"
광진구 ,폐쇄형,"서울특별시 광진구 자양로 131, 지층,1층층 (자양동)"
광진구 ,개방형,"서울특별시 광진구 자양번영로 77 (자양동,,137,138,139,141)"
광진구 ,폐쇄형,"서울특별시 광진구 아차산로 242, 2층 (자양동)"
광진구 ,개방형,"서울특별시 광진구 아차산로30길 7, 3층 (자양동)"
광진구 ,폐쇄형,"서울특별시 광진구 아차산로30길 8, 2층 (자양동)"
광진구 ,폐쇄형,"서울특별시 광진구 아차산로 236, 1층,2층,3층,4층 (자양동)"
광진구 ,폐쇄형,"서울특별시 광진구 능동로 391, 지층 (중곡동)"
광진구 ,개방형,"서울특별시 광진구 천호대로101길 11 (중곡동,(1층))"
광진구 ,폐쇄형,서울특별시 광진구 면목로 140 (중곡동)
광진구 ,개방형,"서울특별시 광진구 용마산로 110, 토끼빌딩 1층 (중곡동)"
광진구 ,개방형,광진구 능동로 173
광진구 ,폐쇄형,"서울특별시 광진구 능동로 161, 1-2층 (화양동)"
광진구 ,개방형,"서울특별시 광진구 아차산로29길 7, 3,4층 (화양동)"
광진구 ,폐쇄형,"서울특별시 광진구 아차산로31길 15, 1~2층 (화양동)"
광진구 ,폐쇄형,"서울특별시 광진구 아차산로33길 60 (화양동,지상1,2,3층)"
광진구 ,폐쇄형,"서울특별시 광진구 아차산로 207 (화양동,1층)"
광진구 ,폐쇄형,"서울특별시 광진구 동일로22길 115 (화양동,외 92호(2층))"
광진구 ,폐쇄형,"서울특별시 광진구 능동로13길 26, 1~4층 (화양동)"
광진구 ,폐쇄형,"서울특별시 광진구 광나루로24길 37, 지층, 1층 (화양동)"
광진구 ,폐쇄형,"서울특별시 광진구 능동로13길 39, 지층 (화양동, 한아름건물)"
광진구 ,폐쇄형,서울특별시 광진구 군자로 52 (화양동)
광진구 ,폐쇄형,"서울특별시 광진구 동일로22길 64, 3층 (화양동)"
광진구 ,폐쇄형,"서울특별시 광진구 광나루로 354, 지층 (화양동)"
광진구 ,폐쇄형,"서울특별시 광진구 아차산로 235, 5층 (화양동)"
광진구 ,폐쇄형,서울특별시 광진구 아차산로33길 63 (화양동)
광진구 ,폐쇄형,"서울특별시 광진구 동일로 112, 지하1층 (화양동)"
광진구 ,폐쇄형,"서울특별시 광진구 광나루로 404, 지층 (화양동)"
광진구 ,폐쇄형,"서울특별시 광진구 능동로13길 39, 한아름건물 2층 (화양동)"
광진구 ,폐쇄형,"서울특별시 광진구 천호대로 512 (군자동, 군자빌딩)"
광진구 ,폐쇄형,"서울특별시 광진구 군자로 70, 2층 (군자동, 동일흥업주식회사)"
광진구 ,폐쇄형,"서울특별시 광진구 군자로 145, 2층 (군자동)"
광진구 ,폐쇄형,서울특별시 광진구 군자로 141 (군자동)
광진구 ,폐쇄형,"서울특별시 광진구 군자로 180, 201호 (군자동, 한창빌딩)"
광진구 ,폐쇄형,"서울특별시 광진구 광나루로 379, 1층 (군자동)"
광진구 ,폐쇄형,"서울특별시 광진구 천호대로 528, 지층 (군자동)"
광진구 ,폐쇄형,"서울특별시 광진구 동일로 222, 글터빌딩 지하층 (군자동)"
광진구 ,폐쇄형,"서울특별시 광진구 천호대로 553, 지하1층 (중곡동, 중곡빌딩)"
광진구 ,폐쇄형,서울특별시 광진구 용마산로 21 (중곡동)
광진구 ,폐쇄형,"서울특별시 광진구 능동로 340, 지층 (중곡동)"
광진구 ,폐쇄형,"서울특별시 광진구 능동로 378, 지층 (중곡동)"
광진구 ,폐쇄형,"서울특별시 광진구 천호대로 591, 지하 1층 (중곡동)"
광진구 ,폐쇄형,"서울특별시 광진구 긴고랑로 57, 지하층 (중곡동)"
광진구 ,폐쇄형,"서울특별시 광진구 능동로 314, 공영빌딩 지하1층 (중곡동)"
광진구 ,폐쇄형,"서울특별시 광진구 천호대로109길 10, 2층 (중곡동)"
광진구 ,폐쇄형,"서울특별시 광진구 면목로 161, 5층 (중곡동, 중곡빌딩)"
광진구 ,폐쇄형,서울특별시 광진구 면목로 192 (중곡동)
광진구 ,폐쇄형,"서울특별시 광진구 면목로 141, 지하1층 (중곡동)"
광진구 ,폐쇄형,"서울특별시 광진구 면목로 161, 3층 (중곡동, 중곡빌딩)"
광진구 ,폐쇄형,"서울특별시 광진구 능동로 409, 지1층 (중곡동)"
광진구 ,폐쇄형,"서울특별시 광진구 용마산로 18, 지하1층 (중곡동)"
광진구 ,폐쇄형,"서울특별시 광진구 용마산로 44, 3층 (중곡동)"
광진구 ,폐쇄형,"서울특별시 광진구 영화사로 10, 2층 (중곡동)"
광진구 ,폐쇄형,"서울특별시 광진구 천호대로129길 29, 3층 (중곡동)"
광진구 ,폐쇄형,"서울특별시 광진구 영화사로 32, 2층 (중곡동, 덕흥빌딩)"
광진구 ,폐쇄형,"서울특별시 광진구 용마산로 66, 2층 (중곡동)"
광진구 ,폐쇄형,"서울특별시 광진구 능동로34길 27, 지하1층 (능동, 원진빌딩)"
광진구 ,폐쇄형,"서울특별시 광진구 천호대로112길 7, 2층 (능동)"
광진구 ,폐쇄형,"서울특별시 광진구 능동로36길 30, 2층 2호 (능동)"
광진구 ,폐쇄형,"서울특별시 광진구 천호대로112길 19, 2층 (능동)"
광진구 ,폐쇄형,"서울특별시 광진구 아차산로76길 5, 지하1층 (광장동)"
광진구 ,폐쇄형,"서울특별시 광진구 아차산로73길 28, 지하1층 (광장동, 대광빌딩)"
광진구 ,폐쇄형,"서울특별시 광진구 아차산로 353 (자양동, 금강태극빌)"
광진구 ,폐쇄형,"서울특별시 광진구 아차산로 353-1, 3층 (자양동)"
광진구 ,폐쇄형,"서울특별시 광진구 자양로11길 12, 지층 (자양동)"
광진구 ,폐쇄형,"서울특별시 광진구 아차산로 358, 지하1층 (자양동)"
광진구 ,폐쇄형,서울특별시 광진구 아차산로 291 (자양동)
광진구 ,폐쇄형,서울특별시 광진구 뚝섬로 627 (자양동)
광진구 ,폐쇄형,"서울특별시 광진구 뚝섬로 621, 3층 (자양동)"
광진구 ,폐쇄형,서울특별시 광진구 자양로13길 73-1 (자양동)
광진구 ,폐쇄형,"서울특별시 광진구 자양로15길 46, 지층 (자양동)"
광진구 ,폐쇄형,"서울특별시 광진구 자양로 88, 광영빌딩 6층 (자양동)"
광진구 ,폐쇄형,"서울특별시 광진구 자양로13길 48, 지하층 (자양동)"
광진구 ,폐쇄형,"서울특별시 광진구 자양로5길 33, 지하1층 (자양동, 와이엠프라젠스파)"
광진구 ,폐쇄형,"서울특별시 광진구 자양로5길 33 (자양동, 와이엠프라젠스파)"
광진구 ,폐쇄형,"서울특별시 광진구 자양로 49, 3층 (자양동)"
광진구 ,폐쇄형,"서울특별시 광진구 자양번영로 33 (자양동, 성보빌딩)"
광진구 ,폐쇄형,"서울특별시 광진구 자양번영로 29, 3층 (자양동)"
광진구 ,폐쇄형,"서울특별시 광진구 능동로 49, 지층 (자양동, 영지빌딩)"
광진구 ,폐쇄형,"서울특별시 광진구 뚝섬로 498 (자양동, 서울클리닉빌딩)"
광진구 ,폐쇄형,"서울특별시 광진구 아차산로30길 18, 2층 (자양동)"
광진구 ,폐쇄형,"서울특별시 광진구 능동로 91, 지층 (자양동)"
광진구 ,폐쇄형,서울특별시 광진구 동일로 88 (자양동)
광진구 ,폐쇄형,"서울특별시 광진구 뚝섬로 486, 2층 (자양동)"
광진구 ,폐쇄형,"서울특별시 광진구 뚝섬로 476, 2층 (자양동)"
광진구 ,폐쇄형,"서울특별시 광진구 동일로 78, 지하1층 (자양동)"
광진구 ,폐쇄형,"서울특별시 광진구 아차산로 236, 지하1층 (자양동)"
광진구 ,폐쇄형,"서울특별시 광진구 아차산로51길 77, 지하1층 (구의동)"
광진구 ,폐쇄형,"서울특별시 광진구 자양로18길 33, 지층 (구의동)"
광진구 ,폐쇄형,"서울특별시 광진구 구의로 3, 지층 (구의동, 쌍용빌딩)"
광진구 ,폐쇄형,"서울특별시 광진구 아차산로57길 4, 3층 (구의동)"
광진구 ,폐쇄형,"서울특별시 광진구 자양로22길 24, 2층 (구의동, 상우빌딩)"
광진구 ,폐쇄형,"서울특별시 광진구 구의로 25, 지층 (구의동, 석천빌딩)"
광진구 ,폐쇄형,"서울특별시 광진구 아차산로 401, 3층 (구의동)"
광진구 ,폐쇄형,"서울특별시 광진구 아차산로51길 39, 3층 (구의동)"
광진구 ,폐쇄형,"서울특별시 광진구 아차산로 373, 지하1층 (구의동)"
광진구 ,폐쇄형,"서울특별시 광진구 천호대로 676, 지하1층 (구의동)"
광진구 ,폐쇄형,"서울특별시 광진구 천호대로 677 (구의동, 세진빌딩)"
광진구 ,폐쇄형,"서울특별시 광진구 아차산로 444, 지하1층 (구의동)"
광진구 ,폐쇄형,"서울특별시 광진구 구의강변로 45, 4층 (구의동, 구의동 복합빌딩)"
광진구 ,폐쇄형,"서울특별시 광진구 구의강변로 106, 101동 지층 115-118호 (구의동, 구의동삼성쉐르빌)"
광진구 ,폐쇄형,"서울특별시 광진구 광나루로56길 63 (구의동, 지하1층 101호,102호,103호)"
광진구 ,폐쇄형,"서울특별시 광진구 구의강변로 35, 삼진빌딩 지하1층 (구의동)"
광진구 ,폐쇄형,"서울특별시 광진구 아차산로 473, 5층 (구의동)"
광진구 ,폐쇄형,"서울특별시 광진구 아차산로 444, 지층 103호 (구의동, 와이엔 오피스텔)"
광진구 ,폐쇄형,"서울특별시 광진구 구의로 70 (구의동, 영덕빌딩 2층 201호)"
광진구 ,폐쇄형,"서울특별시 광진구 강변역로4길 10, 강변역지너스타워 지하1층 9,10호 (구의동)"
광진구 ,폐쇄형,"서울특별시 광진구 면목로 191, 2층 (중곡동)"
광진구 ,개방형,"서울특별시 광진구 용마산로 16, 창성빌딩 4층 (중곡동)"
광진구 ,개방형,"서울특별시 광진구 용마산로 28, 2층 (중곡동)"
광진구 ,개방형,서울특별시 광진구 아차산로 610 (광장동)
광진구 ,폐쇄형,"서울특별시 광진구 아차산로 377, 지하1층 (구의동)"
광진구 ,폐쇄형,"서울특별시 광진구 아차산로51길 62, 2층 (구의동)"
광진구 ,폐쇄형,"서울특별시 광진구 자양로22길 24 (구의동, 상우빌딩)"
광진구 ,폐쇄형,"서울특별시 광진구 자양로18길 20, 2층 (구의동)"
광진구 ,폐쇄형,"서울특별시 광진구 자양로 277, 지층 (구의동)"
광진구 ,폐쇄형,"서울특별시 광진구 자양로 278, 대운빌딩 지하2층 (구의동)"
광진구 ,폐쇄형,"서울특별시 광진구 광나루로 614 (구의동,지하1층)"
광진구 ,폐쇄형,"서울특별시 광진구 광나루로56길 29, 현대프라임아파트 4층 410, 411호 "
광진구 ,폐쇄형,"서울특별시 광진구 구의로 4, 2층 (구의동)"
광진구 ,폐쇄형,"서울특별시 광진구 구의로 6, 신호빌딩 지하1층 (구의동)"
광진구 ,폐쇄형,"서울특별시 광진구 아차산로 471, CS PLAZA 지하1층 (구의동)"
광진구 ,폐쇄형,"서울특별시 광진구 아차산로 473, 4층 (구의동)"
광진구 ,폐쇄형,"서울특별시 광진구 군자로 141, 2층 (군자동)"
광진구 ,폐쇄형,"서울특별시 광진구 군자로 144, 지층 (군자동)"
광진구 ,폐쇄형,"서울특별시 광진구 능동로 290 (능동, 삼일빌딩)"
광진구 ,폐쇄형,"서울특별시 광진구 천호대로 562, 쥬얼테크 지하1층 (능동)"
광진구 ,폐쇄형,"서울특별시 광진구 뚝섬로 613, 우양빌딩 지하1층 (자양동)"
광진구 ,폐쇄형,서울특별시 광진구 자양로13길 99 (자양동)
광진구 ,폐쇄형,서울특별시 광진구 자양로15길 18 (자양동)
광진구 ,폐쇄형,"서울특별시 광진구 자양번영로 20 (자양동,자양빌딩 2층)"
광진구 ,폐쇄형,"서울특별시 광진구 아차산로 288, 지층 (자양동, 대흥빌딩)"
광진구 ,폐쇄형,서울특별시 광진구 뚝섬로 503 (자양동)
광진구 ,폐쇄형,"서울특별시 광진구 뚝섬로24길 3, 지하층 (자양동)"
광진구 ,폐쇄형,"서울특별시 광진구 아차산로 244, 지하1층 (자양동)"
광진구 ,폐쇄형,서울특별시 광진구 긴고랑로 52 (중곡동)
광진구 ,폐쇄형,"서울특별시 광진구 능동로 373, 3층 (중곡동)"
광진구 ,폐쇄형,"서울특별시 광진구 능동로37길 6, 지하1층 (중곡동)"
광진구 ,폐쇄형,"서울특별시 광진구 능동로 372, 지하1층 (중곡동)"
광진구 ,폐쇄형,"서울특별시 광진구 용마산로 37, 지층 (중곡동, 이안빌딩)"
광진구 ,폐쇄형,"서울특별시 광진구 면목로 161 (중곡동,지하1층)"
광진구 ,폐쇄형,"서울특별시 광진구 면목로 164 (중곡동,2층)"
광진구 ,폐쇄형,"서울특별시 광진구 면목로 192 (중곡동,2층)"
광진구 ,폐쇄형,서울특별시 광진구 면목로 203 (중곡동)
광진구 ,폐쇄형,"서울특별시 광진구 천호대로129길 29, 2층 (중곡동)"
광진구 ,폐쇄형,"서울특별시 광진구 영화사로 62-1, 지하1층 (중곡동)"
광진구 ,폐쇄형,"서울특별시 광진구 군자로 43, 아스하임 지하1층 (화양동)"
광진구 ,폐쇄형,"서울특별시 광진구 광나루로 382, 지하1,2층 (화양동, 아스하임)"
광진구 ,폐쇄형,"서울특별시 광진구 아차산로 241, 연한빌딩 b1층 (화양동)"
광진구 ,폐쇄형,"서울특별시 광진구 아차산로29길 41 (화양동,지하1층)"
광진구 ,폐쇄형,"서울특별시 광진구 광나루로 392, 지하1층 (화양동)"
광진구 ,폐쇄형,"서울특별시 광진구 능동로 123, 3, 4층 (화양동)"
광진구 ,폐쇄형,"서울특별시 광진구 능동로16길 60, 3층 (화양동)"
광진구 ,폐쇄형,"서울특별시 광진구 아차산로 229 (화양동, 지하1층)"
광진구 ,폐쇄형,아차산로 224(자양동 7-25)
광진구 ,폐쇄형,아차산로 370(자양동 216-21)
광진구 ,폐쇄형,강변역로50
광진구 ,폐쇄형,천호대로731
광진구 ,개방형,광진구 자양동 112
서대문구,폐쇄형,연희로248
서대문구,개방형,연희로248
서대문구,개방형,연희로182
서대문구,개방형,서소문로51
서대문구,개방형,성산로20길 9
서대문구,개방형,통일로113
서대문구,폐쇄형,통일로97
서대문구,개방형,충정로36
서대문구,개방형,충정로60
서대문구,폐쇄형,연세로50-1
서대문구,개방형,경기대로44
서대문구,폐쇄형,통일로37길 51
서대문구,개방형,가좌로134
서대문구,폐쇄형,거북골로34
서대문구,개방형,신촌로197
서대문구,개방형,응암로121
서대문구,개방형,성산로321
서대문구,개방형,성산로263
서대문구,개방형,수색로56
서대문구,폐쇄형,경기대로47
서대문구,개방형,경기대로9
서대문구,폐쇄형,충정로29
서대문구,개방형,통일로135
서대문구,개방형,충정로70
서대문구,개방형,충정로50
서대문구,폐쇄형,서소문로21
서대문구,개방형,충정로8
서대문구,개방형,서소문로45
서대문구,개방형,연희로142
서대문구,개방형,신촌로73
서대문구,개방형,연희로407
서대문구,개방형,신촌로231
서대문구,개방형,신촌로183
서대문구,개방형,신촌로113
서대문구,폐쇄형,충정로23
서대문구,개방형,연세로13
서대문구,개방형,신촌로83
성동구,개방형,왕십리광장(북측)
성동구,개방형,왕십리민자역사 후면(6번 출구)
성동구,개방형,성수역 2번 출구 후면
양천구,개방형,양천구청 부지
양천구,개방형,해누리타운 4층 옥외정원
양천구,개방형,양천경찰서 부지
양천구,개방형,남부지방법원 후문 옆
양천구,개방형,양천세무서 부지 우측
양천구,개방형,서울시 출입국관리사무소 부지
양천구,개방형,법무복지공단 부지
양천구,개방형,이대목동병원 부지
양천구,개방형,홍익병원 옥상
양천구,개방형,서남병원 부지
양천구,개방형,현대백화점 4층
양천구,개방형,방송회관 7층
양천구,개방형,상운맘모스빌딩 옥상
양천구,개방형,양천벤처타운 부지
양천구,개방형,현대41타워 부지
양천구,개방형,SBS 부지
양천구,개방형,KT 목동타워 부지
양천구,개방형,KT 정보센터 부지
양천구,개방형,목동아이스링크 부지
양천구,개방형,메디컬센터 옥상
양천구,개방형,양천차고지 1층
양천구,개방형,현대드림타워 후문 부지
양천구,개방형,부영그린타운 3차 부지
은평구,개방형,진흥로 85
은평구,폐쇄형,통일로62길 7
은평구,개방형,불광로 20
은평구,폐쇄형,불광로 20
은평구,개방형,진관2로 31
은평구,개방형,은평로195
은평구,폐쇄형,은평로195
은평구,개방형,진관동120
은평구,개방형,백련산로 90
은평구,폐쇄형,통일로 1021
은평구,개방형,갈현로7길 49
은평구,개방형,통일로 842
은평구,개방형,진흥로 235
은평구,개방형,진흥로215
은평구,폐쇄형,진흥로215
은평구,폐쇄형,가좌로7길 11
은평구,개방형,통일로 760
은평구,개방형,진관2로 15-8
은평구,개방형,불광로 41
은평구,폐쇄형,통일로 731
은평구,폐쇄형,연서로32길3
은평구,폐쇄형,은평로 192
은평구,폐쇄형,증산로7길 16
은평구,폐쇄형,통일로 855-20
은평구,폐쇄형,응암로 247
은평구,폐쇄형,은평로 187-1
은평구,폐쇄형,갈현로 39-1
은평구,폐쇄형,서오릉로 178
은평구,폐쇄형,통일로 850
은평구,폐쇄형,진흥로 112
은평구,폐쇄형,은평로 5
은평구,폐쇄형,통일로 697
은평구,폐쇄형,서오릉로 192
은평구,폐쇄형,갈현로 188
은평구,폐쇄형,서오릉로 77
은평구,폐쇄형,연서로 320
은평구,폐쇄형,연서로 213
은평구,폐쇄형,은평로 136
은평구,폐쇄형,진흥로 144
은평구,폐쇄형,역말로 82
은평구,폐쇄형,연서로 247
은평구,폐쇄형,진관2로 15-46
은평구,폐쇄형,갈현로 14
은평구,폐쇄형,응암로11길 3
은평구,폐쇄형,진흥로1길 34
은평구,폐쇄형,진관3로 22
은평구,폐쇄형,은평로 205-5
은평구,폐쇄형,응암로22길 22-1
은평구,폐쇄형,갈현로 82
은평구,폐쇄형,통일로 835
은평구,폐쇄형,응암로13길 14
은평구,폐쇄형,갈현로 61
은평구,폐쇄형,은평로 169
은평구,폐쇄형,진흥로 148
은평구,폐쇄형,연서로 195
은평구,폐쇄형,갈현로 15
은평구,폐쇄형,진관2로 29-21
은평구,폐쇄형,연서로 73
은평구,폐쇄형,연서로29길 5
은평구,폐쇄형,통일로 856
은평구,폐쇄형,통일로 855-9
은평구,폐쇄형,연서로29길 8-8
은평구,폐쇄형,은평로 56
은평구,폐쇄형,통일로83길 6-5
은평구,폐쇄형,"응암로 269, 지층"
은평구,폐쇄형,증산서길 153
은평구,폐쇄형,통일로83길 6-29
은평구,폐쇄형,은평로 108
은평구,폐쇄형,연서로 209
은평구,폐쇄형,서오릉로 151
은평구,폐쇄형,응암로 248
은평구,폐쇄형,서오릉로 208
은평구,폐쇄형,연서로29길 13
은평구,폐쇄형,가좌로 318
은평구,폐쇄형,연서로29길 20
은평구,폐쇄형,은평로 193-2
은평구,폐쇄형,은평로 34
은평구,폐쇄형,연서로 319
은평구,폐쇄형,통일로83길 14
은평구,폐쇄형,응암로13길 5
은평구,폐쇄형,응암로 180
은평구,폐쇄형,증산로 307
은평구,폐쇄형,갈현로 77
은평구,폐쇄형,통일로87길 21
은평구,폐쇄형,통일로87길 5-9
은평구,폐쇄형,증산서길 107
은평구,폐쇄형,은평로 145
은평구,폐쇄형,"응암로11길 3, 3층"
은평구,폐쇄형,은평로 91
은평구,폐쇄형,통일로69길 5
은평구,폐쇄형,은평로 229
은평구,폐쇄형,증산로9길 12
은평구,폐쇄형,응암로 178-1
은평구,폐쇄형,대서문길 9
은평구,폐쇄형,연서로 317
은평구,폐쇄형,연서로27길 15
은평구,폐쇄형,은평로 46
은평구,폐쇄형,통일로 723
은평구,폐쇄형,연서로4길 6
은평구,폐쇄형,응암로 340-1
은평구,폐쇄형,연서로27길 8-7
은평구,폐쇄형,연서로 154
은평구,폐쇄형,불광로 10
은평구,폐쇄형,진흥로 29
은평구,폐쇄형,가좌로 179
은평구,폐쇄형,증산서길 98
은평구,폐쇄형,응암로21길 16
은평구,폐쇄형,갈현로 54-8
은평구,폐쇄형,역말로 6
은평구,폐쇄형,진흥로 105-6
은평구,폐쇄형,연서로 274
은평구,폐쇄형,통일로 937
은평구,폐쇄형,불광로 7
은평구,폐쇄형,진흥로 103-03404
은평구,폐쇄형,통일로 82
은평구,폐쇄형,통일로 817
은평구,폐쇄형,응암로13길 24
은평구,폐쇄형,가좌로 321
은평구,폐쇄형,연서로 295-1
은평구,폐쇄형,응암로22길 20
은평구,폐쇄형,갈현로 186
은평구,폐쇄형,응암로 269
은평구,폐쇄형,통일로87길 6
은평구,폐쇄형,연서로 296
은평구,폐쇄형,은평로16길 18
은평구,폐쇄형,진흥로 156
은평구,폐쇄형,서오릉로 110
은평구,폐쇄형,은평로 37
은평구,폐쇄형,연서로 91
은평구,폐쇄형,역말로 101
은평구,폐쇄형,역말로 20
은평구,폐쇄형,연서로34길 23
은평구,폐쇄형,불광로 95
은평구,폐쇄형,진흥로1길 24
은평구,폐쇄형,갈현로 300
은평구,폐쇄형,갈현로 181-24
은평구,폐쇄형,갈현로 100
은평구,폐쇄형,불광로 90
은평구,폐쇄형,증산로21길 11
은평구,폐쇄형,연서로17길 34-14
은평구,폐쇄형,통일로 1030
은평구,폐쇄형,불광천길 536
은평구,폐쇄형,통일로 1050
은평구,개방형,통일로 78가길 13-84
은평구,폐쇄형,"갈현로 39-1, 2층 (신사동)"
은평구,폐쇄형,"은평로 56, 안건빌딩 4층 (신사동)"
은평구,폐쇄형,"불광로 28, 3층 (대조동)"
은평구,폐쇄형,"연서로 73 (역촌동, 지하1층)"
은평구,폐쇄형,"진관3로 22, 3층 301호 (진관동)"
은평구,폐쇄형,"갈현로 82, 5층 501호,502호 (역촌동)"
은평구,폐쇄형,"응암로13길 14, 지하1층 (응암동, 디우아르떼 아파트)"
은평구,폐쇄형,"갈현로 14, 지하층 (신사동)"
은평구,폐쇄형,"갈현로 61, 정화빌딩 지하1층 (역촌동)"
은평구,폐쇄형,"연서로 195, 영보빌딩 지층 (갈현동)"
은평구,폐쇄형,"은평로 5, 2층 (신사동)"
은평구,폐쇄형,"은평로 169, 우리빌딩 2층 (응암동)"
은평구,폐쇄형,"통일로 854 (불광동, 2층)"
은평구,폐쇄형,"연서로29길 17-4, 2층 (갈현동)"
은평구,폐쇄형,불광로 46 (불광동)
은평구,폐쇄형,"서오릉로 204 (갈현동, 지층)"
은평구,폐쇄형,"불광로 40, 지하1층 (불광동)"
은평구,폐쇄형,"불광로 7 (대조동, 7층)"
은평구,폐쇄형,"통일로 863-4 (갈현동, 3층)"
은평구,폐쇄형,"통일로 727 (대조동,,9호(지상2층))"
은평구,폐쇄형,"통일로 842, 범서빌딩 3층 (불광동)"
은평구,폐쇄형,"통일로 724-1, 1,2층 (불광동)"
은평구,폐쇄형,"불광로 28 (대조동,(지상3층))"
은평구,폐쇄형,"은평로 187-4, 1~2층 (녹번동)"
은평구,폐쇄형,"불광로 25-1, 2층 (대조동, 디와이빌)"
은평구,폐쇄형,"은평로 37, 2층 (신사동)"
은평구,폐쇄형,통일로 660
은평구,폐쇄형,통일로 585-1
중구,폐쇄형,서울특별시 중구 남대문로 81
중구,폐쇄형,서울특별시 중구 을지로 35
중구,폐쇄형,서울특별시 중구 을지로 66
중구,개방형,서울특별시 중구 삼일대로 363
중구,개방형,서울특별시 중구 장충단로 275
중구,폐쇄형,서울특별시 중구 한강대로 416
중랑구,-,서울특별시 중랑구 봉화산로 179(신내동)
중랑구,-,서울특별시 중랑구 동일로 619(면목동)
중랑구,-,서울특별시 중랑구 신내로 156
중랑구,-,서울특별시 중랑구 사가정로49길 53
중랑구,-,서울특별시 중랑구 망우로 418
중랑구,-,서울특별시 중랑구 망우로 403
중랑구,-,서울특별시 중랑구 신내역로111
중랑구,-,서울특별시 중랑구 망우로 353
중랑구,-,서울특별시 중랑구 망우로 182(상봉동)
중랑구,-,서울특별시 중랑구 동일로 862
중랑구,-,서울특별시 중랑구 중랑천로 71
중랑구,-,서울특별시 중랑구 면목로 470
중랑구,-,서울특별시 중랑구 용마산로90길 28
중랑구,-,서울특별시 중랑구 망우로 399
중랑구,-,서울특별시 중랑구  면목동 359-15번지 지하1층 
중랑구,-,서울특별시 중랑구  면목동 176-11번지 1층 
중랑구,-,서울특별시 중랑구  중화동 316-1번지 지하1층 
중랑구,-,서울특별시 중랑구  면목동 665-3번지 
중랑구,-,서울특별시 중랑구  상봉동 115-20번지 
중랑구,-,서울특별시 중랑구  망우동 147-21번지 지상2층 
중랑구,-,서울특별시 중랑구  중화동 314-1번지 지하1층 
중랑구,-,서울특별시 중랑구  망우동 487-17번지 지하1층 
중랑구,-,서울특별시 중랑구  묵동 244-140번지 지상3층 
중랑구,-,서울특별시 중랑구  신내동 454-4번지 지상3층 
중랑구,-,서울특별시 중랑구  면목동 399-36번지 지상2층 
중랑구,-,서울특별시 중랑구  면목동 458-76번지 지상3층 
중랑구,-,"서울특별시 중랑구  면목동 103-5번지 지상2,3층 "
중랑구,-,서울특별시 중랑구  중화동 311-10번지 지하1층 
중랑구,-,서울특별시 중랑구  상봉동 88-95번지 
중랑구,-,서울특별시 중랑구  상봉동 113-4번지 지하1층 
중랑구,-,서울특별시 중랑구  중화동 307-63번지 지상3층 
중랑구,-,서울특별시 중랑구  신내동 587-4번지 지상3층 
중랑구,-,서울특별시 중랑구  중화동 311-7번지 
중랑구,-,서울특별시 중랑구  면목동 103-6번지 
중랑구,-,서울특별시 중랑구  망우동 572번지 용마프라자 지하001호
중랑구,-,서울특별시 중랑구  면목동 661-4번지 지하1층 
중랑구,-,"서울특별시 중랑구  상봉동 496 우정 상가동 비01,비02,비03,비04,비05,비06 "
중랑구,-,서울특별시 중랑구  신내동 494-5번지 지하1층 
중랑구,-,서울특별시 중랑구  면목동 102-2번지 지상2층 
중랑구,-,서울특별시 중랑구  묵동 170-27번지 월등스카이뷰아파트 비101 
중랑구,-,서울특별시 중랑구  면목동 497-7번지 2층 
중랑구,-,서울특별시 중랑구  면목동 118-1번지 2층 
중랑구,-,서울특별시 중랑구  면목동 578-28번지 외 2필지 지상2층 
중랑구,-,서울특별시 중랑구  면목동 653-1번지 3층 
중랑구,-,"서울특별시 중랑구  망우동 479 한일써너스빌리젠시1단지 S1215, S1216 지상2층 "
중랑구,-,서울특별시 중랑구  상봉동 122번지 2층 
중랑구,-,서울특별시 중랑구  면목동 103-6번지 2층 
중랑구,-,서울특별시 중랑구  면목동 117-17번지 2층 
중랑구,-,서울특별시 중랑구  상봉동 136-1번지 3층 4호
중랑구,-,서울특별시 중랑구  신내동 613-10번지 외 1필지 3층 
중랑구,-,서울특별시 중랑구  상봉동 84-22번지 2층 
중랑구,-,서울특별시 중랑구  면목동 458-49번지 지하1층 
중랑구,-,서울특별시 중랑구  면목동 148-31번지 
중랑구,-,서울특별시 중랑구  상봉동 118번지 외2 
중랑구,-,서울특별시 중랑구  중화동 307-1번지 1층 17회외22 
중랑구,-,서울특별시 중랑구  면목동 184-13번지 세일종합상가 2층 
중랑구,-,서울특별시 중랑구  면목동 51-19번지 지상2층 
중랑구,-,서울특별시 중랑구  묵동 174-4번지 지하1층 
중랑구,-,서울특별시 중랑구  신내동 613-71번지 부영빌딩3층 
중랑구,-,서울특별시 중랑구  면목동 146-75번지 3층 
중랑구,-,서울특별시 중랑구  신내동 644번지 엘리어트하우스 지하1동 102호
중랑구,-,서울특별시 중랑구  면목동 51-1번지 3층 
중랑구,-,서울특별시 중랑구  면목동 50-47번지 2층 
중랑구,-,서울특별시 중랑구  면목동 496-4번지 지하1층 
중랑구,-,서울특별시 중랑구  상봉동 300-2번지 2층 
중랑구,-,서울특별시 중랑구  중화동 307-62번지 지상1층 
중랑구,-,서울특별시 중랑구  묵동 238-2번지 2층 201호 
중랑구,-,서울특별시 중랑구  망우동 491-38번지 3층 
중랑구,-,서울특별시 중랑구  중화동 315-10번지 2층 
중랑구,-,서울특별시 중랑구  중화동 325-16번지 지상1층 
중랑구,-,서울특별시 중랑구  면목동 472-8번지 지상2층 
중랑구,-,서울특별시 중랑구  면목동 68-11번지 지상2층 
중랑구,-,서울특별시 중랑구  중화동 301-49번지 지상1층 
중랑구,-,서울특별시 중랑구  면목동 175-85번지 지상1층 
중랑구,-,서울특별시 중랑구  망우동 357-36번지 지상1층 
중랑구,-,서울특별시 중랑구  상봉동 90-12번지 
중랑구,-,서울특별시 중랑구  면목동 161-34번지 3층 
중랑구,-,서울특별시 중랑구  상봉동 84-28번지 지상1층 
중랑구,-,서울특별시 중랑구  상봉동 90-49번지 
중랑구,-,서울특별시 중랑구  망우동 516-2번지 2층 
중랑구,-,서울특별시 중랑구  상봉동 88-38번지 
중랑구,-,서울특별시 중랑구  망우동 410-1번지 지상2층 
중랑구,-,서울특별시 중랑구  상봉동 115-19번지 지상2층 
중랑구,-,서울특별시 중랑구  묵동 176-1번지 3층 
중랑구,-,서울특별시 중랑구  상봉동 90-61번지 지상1층 
중랑구,-,서울특별시 중랑구  상봉동 129-3번지 지층 
중랑구,-,서울특별시 중랑구  망우동 358-5번지 지층 
중랑구,-,서울특별시 중랑구  신내동 800번지 동광오뜨빌 
중랑구,-,서울특별시 중랑구  면목동 17-31번지 지층 
중랑구,-,서울특별시 중랑구  상봉동 130-139번지 
중랑구,-,서울특별시 중랑구  상봉동 130-130번지 2층 
중랑구,-,서울특별시 중랑구  상봉동 118번지 
중랑구,-,서울특별시 중랑구  면목동 105-4번지 
중랑구,-,서울특별시 중랑구  면목동 720-6번지 
중랑구,-,서울특별시 중랑구  중화동 311-3번지 
중랑구,-,서울특별시 중랑구  면목동 177-43번지 
중랑구,-,서울특별시 중랑구  면목동 456-27번지 
중랑구,-,서울특별시 중랑구  중화동 311-9번지 임마누엘교회 
중랑구,-,서울특별시 중랑구  면목동 167-47번지 
중랑구,-,서울특별시 중랑구  상봉동 130-108번지 
중랑구,-,서울특별시 중랑구  망우동 464-27번지 
중랑구,-,서울특별시 중랑구  묵동 239-154번지 
중랑구,-,서울특별시 중랑구  망우동 466-1번지 준인테리어 
중랑구,-,서울특별시 중랑구  면목동 72-1번지 3층 
중랑구,-,서울특별시 중랑구  면목동 134-14번지 
중랑구,-,서울특별시 중랑구  묵동 235-17번지 
중랑구,-,서울특별시 중랑구  망우동 523-66번지 
중랑구,-,서울특별시 중랑구  신내동 797번지 동성7차아파트 
중랑구,-,서울특별시 중랑구  면목동 458-1번지 
중랑구,-,서울특별시 중랑구  상봉동 125-68번지 
중랑구,-,서울특별시 중랑구  면목동 44-17번지 
중랑구,-,서울특별시 중랑구  면목동 14-26번지 
중랑구,-,서울특별시 중랑구  상봉동 130-56번지 
중랑구,-,서울특별시 중랑구  신내동 613-15번지 
중랑구,-,서울특별시 중랑구  망우동 495번지 한일써너스빌리젠시2단지 
중랑구,-,서울특별시 중랑구  망우동 488-16번지 동성빌딩 
중랑구,-,서울특별시 중랑구  면목동 161-8번지 
중랑구,-,서울특별시 중랑구  면목동 455-19번지 
중랑구,-,서울특별시 중랑구  중화동 302-81번지 양지대중사우나 
중랑구,-,서울특별시 중랑구  망우동 469-36번지 바울선교회 
중랑구,-,서울특별시 중랑구  면목동 715번지 늘푸른동아아파트 
중랑구,-,서울특별시 중랑구  면목동 151-7번지 
중랑구,-,"서울특별시 중랑구  상봉동 113번지 B101,호"
중랑구,-,서울특별시 중랑구  망우동 403-16번지 
중랑구,-,서울특별시 중랑구  망우동 461-1번지 3층 
중랑구,-,서울특별시 중랑구  면목동 175-40번지 지하1층 
중랑구,-,서울특별시 중랑구  면목동 72-57번지 2층 
중랑구,-,"서울특별시 중랑구  묵동 239-1번지 3층 1,2호"
중랑구,-,서울특별시 중랑구  상봉동 101-15번지 
중랑구,-,서울특별시 중랑구 면목로27길 92 지하
중랑구,-,서울특별시 중랑구  망우로70길 105 (망우동)
중랑구,-,서울특별시 중랑구  면목로27길 6 (면목동)
중랑구,-,서울특별시 중랑구  봉화산로 193 (신내동)
중랑구,-,서울특별시 중랑구  용마산로 348 (면목동)
중랑구,-,서울특별시 중랑구  신내로25가길 2 (묵동)
중랑구,-,서울특별시 중랑구  동일로 752 (중화동)
중랑구,-,서울특별시 중랑구  용마산로 623 (신내동)
중랑구,-,서울특별시 중랑구  숙선옹주로 91 (묵동)
중랑구,-,서울특별시 중랑구  중랑천로10길 76 (면목동)
중랑구,-,"서울특별시 중랑구  봉화산로 194  (신내동,신아타운(1202호))"
중랑구,-,서울특별시 중랑구  봉화산로56길 153 (신내동)
중랑구,-,서울특별시 중랑구  용마산로 494 (망우동)
중랑구,-,서울특별시 중랑구  망우로 448 (망우동)
중랑구,-,서울특별시 중랑구  용마산로129나길 6 (신내동)
중랑구,-,서울특별시 중랑구  면목로39길 18 (면목동)
중랑구,-,서울특별시 중랑구  신내로21길 6 (묵동)
중랑구,-,서울특별시 중랑구  망우로 316 (상봉동)
중랑구,-,서울특별시 중랑구  동일로143길 19 (중화동)
중랑구,-,서울특별시 중랑구  겸재로 226-3 (면목동)
중랑구,-,서울특별시 중랑구  신내로7가길 35 (상봉동)
중랑구,-,서울특별시 중랑구  신내로 48 (신내동)
중랑구,-,서울특별시 중랑구  면목로39길 11 (면목동)
중랑구,-,"서울특별시 중랑구  숙선옹주로 6-9 (묵동, 묵동자이아파트)"
중랑구,-,서울특별시 중랑구  숙선옹주로 6-9 (묵동)
중랑구,-,서울특별시 중랑구  중랑역로 262 (묵동)
중랑구,-,서울특별시 중랑구  봉화산로 194-1002 (신내동)
중랑구,-,"서울특별시 중랑구  용마산로 361 (면목동, 영스포츠)"
중랑구,-,"서울특별시 중랑구  용마산로 382 (면목동, 정이든빌딩)"
중랑구,-,서울특별시 중랑구  면목로49길 71 (면목동)
중랑구,-,서울특별시 중랑구  망우로 458 (망우동)
중랑구,-,서울특별시 중랑구  용마산로 389 (면목동)
중랑구,-,서울특별시 중랑구  면목로37길 17 (면목동)
중랑구,-,서울특별시 중랑구  사가정로52길 22 (면목동)
중랑구,-,서울특별시 중랑구  동일로 608 (면목동)
중랑구,-,서울특별시 중랑구  신내로14길 13 (신내동)
중랑구,-,서울특별시 중랑구  봉화산로 117 (상봉동)
중랑구,-,서울특별시 중랑구  동일로 851 (묵동)
중랑구,-,서울특별시 중랑구  망우로 186 (상봉동)
중랑구,-,서울특별시 중랑구  용마산로115길 108 (망우동)
중랑구,-,"서울특별시 중랑구  동일로129길 35 (중화동,태능에센빌 복합상가 지하1층)"
중랑구,-,"서울특별시 중랑구  망우로30길 3 (상봉동,안산빌딩 2층)"
중랑구,-,서울특별시 중랑구  봉화산로 194 (신내동)
중랑구,-,서울특별시 중랑구  봉우재로 73 (상봉동)
중랑구,-,"서울특별시 중랑구  신내로 127 (신내동, 신내 9단지 아파트)"
중랑구,-,"서울특별시 중랑구  면목로44길 28 (면목동, 아람플러스리빙)"
중랑구,-,서울특별시 중랑구  봉우재로71길 18 (망우동)
중랑구,-,서울특별시 중랑구  겸재로49길 18 (면목동)
중랑구,-,"서울특별시 중랑구  신내역로 165 (신내동, 신내우디안 2단지 휘트니스센터)"
중랑구,-,서울특별시 중랑구  동일로 937 (묵동)
중랑구,-,"서울특별시 중랑구  봉화산로56길 153, 4층 408호 (신내동, 대명프라자)"
중랑구,-,서울특별시 중랑구  면목로 지하 487 (상봉동)
중랑구,-,"서울특별시 중랑구  상봉로 39 (면목동, MS빌딩)"
중랑구,-,"서울특별시 중랑구  망우로60길 37 (망우동, 효성써너스빌에코)"
중랑구,-,"서울특별시 중랑구  면목로39길 8 (면목동, 한성빌딩)"
중랑구,-,"서울특별시 중랑구  망우로 328, 3층 (상봉동, 시네마시티)"
중랑구,-,"서울특별시 중랑구  동일로 802, 지하1층 (중화동, 대신빌딩)"
중랑구,-,"서울특별시 중랑구  동일로 887 (묵동, 삼삼메디컬빌딩)"
중랑구,-,"서울특별시 중랑구  상봉중앙로 41, 2층 (상봉동, 해동 훼미리)"
중랑구,-,서울특별시 중랑구  용마산로 458 (망우동)
중랑구,-,"서울특별시 중랑구  신내로 193, 엘리어트하우스 B층 1호 (신내동)"
중랑구,-,"서울특별시 중랑구  용마산로 384, 2, 3층 (면목동)"
중랑구,-,"서울특별시 중랑구  봉화산로 218, 지하2층 (신내동)"
중랑구,-,서울특별시 중랑구  면목로33길 33 (면목동)
중랑구,-,서울특별시 중랑구  면목로 368  (면목동)
중랑구,-,서울특별시 중랑구  망우로32길 37 (면목동)
중랑구,-,서울특별시 중랑구  중랑역로 51 (중화동)
중랑구,-,서울특별시 중랑구  용마산로 418 (면목동)
중랑구,-,서울특별시 중랑구  동일로129길 54 (중화동)
중랑구,-,서울특별시 중랑구  중랑역로 95 (중화동)
중랑구,-,서울특별시 중랑구  봉화산로 218 (신내동)
중랑구,-,서울특별시 중랑구  송림길 7 (상봉동)
중랑구,-,서울특별시 중랑구  면목로 342 (면목동)
중랑구,-,서울특별시 중랑구  망우로30길 30 (상봉동)
중랑구,-,서울특별시 중랑구  면목로 361 (면목동)
중랑구,-,서울특별시 중랑구  면목로 419 (면목동)
중랑구,-,서울특별시 중랑구  동일로 905  (묵동)
중랑구,-,서울특별시 중랑구  중랑역로 122 (중화동)
중랑구,-,서울특별시 중랑구  망우로 422 (망우동)
중랑구,-,서울특별시 중랑구  동일로163길 8 (묵동)
중랑구,-,서울특별시 중랑구  용마산로 554 (망우동)
중랑구,-,서울특별시 중랑구  동일로129길 12 (중화동)
중랑구,-,서울특별시 중랑구  봉우재로 195 (망우동)
중랑구,-,서울특별시 중랑구  봉우재로 39 (면목동)
중랑구,-,서울특별시 중랑구  용마산로 414 (면목동)
중랑구,-,서울특별시 중랑구  봉화산로52길 58 (신내동)
중랑구,-,서울특별시 중랑구  용마산로 426 (면목동)
중랑구,-,서울특별시 중랑구  망우로 202 (상봉동)
중랑구,-,서울특별시 중랑구  사가정로 389 (면목동)
중랑구,-,서울특별시 중랑구  망우로 204 (상봉동)
중랑구,-,서울특별시 중랑구  망우로 291 (상봉동)
중랑구,-,서울특별시 중랑구  동일로 607 (면목동)
중랑구,-,서울특별시 중랑구  용마산로 328 (면목동)
중랑구,-,"서울특별시 중랑구  중랑역로 262, 2층 (묵동, 동양제일관광나이트)"
중랑구,-,서울특별시 중랑구  봉화산로56길 77 (신내동)
중랑구,-,서울특별시 중랑구  용마산로 440 (면목동)
중랑구,-,"서울특별시 중랑구  면목로37길 5 (면목동, 중하빌딩)"
중랑구,-,"서울특별시 중랑구  겸재로 264 (면목동, (주)그린고속관광)"
중랑구,-,"서울특별시 중랑구  용마산로 493, 동양빌딩 지층 1호 (망우동)"
중랑구,-,"서울특별시 중랑구  면목로 289, 4층 (면목동)"
중랑구,-,서울특별시 중랑구  상봉중앙로 45 (상봉동)
중랑구,-,서울특별시 중랑구  망우로 247 (중화동)
중랑구,-,서울특별시 중랑구  면목로23길 20 (면목동)
중랑구,-,"서울특별시 중랑구  용마산로100길 13, 면일체육문화센터 (망우동)"
강서구,개방형,강서구 방화동 25
강서구,개방형,강서구 방화동 72-11
마포구,개방형,마포구 상암동 495-81
마포구,개방형,마포구 상암동 482-428
마포구,개방형,서울 마포구 마포나루길 407
마포구,개방형,서울 마포구 마포나루길 437
마포구,개방형,서울 마포구 합정동 352-5
영등포구,개방형,서울 영등포구 노들로 113
영등포구,개방형,서울 영등포구 한강남자전거길 1203
영등포구,개방형,서울 영등포구 여의서로 62
영등포구,개방형,서울 영등포구 여의도동 84
영등포구,개방형,영등포구 여의동로 350
영등포구,개방형,영등포구 여의동로 343
영등포구,개방형,영등포구 여의도동 85
서초구,개방형,서초구 반포동 1337-3
서초구,개방형,서초구 반포동 115-5
서초구,개방형,서초구 잠원동 122-1
서초구,개방형,서초구 잠원동 121
강남구,개방형,강남구 압구정동 386
광진구,개방형,광진구 자양동 97-5
광진구,개방형,광진구 자양동 564
광진구,개방형,광진구 자양동 427-1
광진구,개방형,광진구 자양동 558-3
송파구,개방형,송파구 잠실동 1-1
송파구,개방형,송파구 풍납동 49-2
강동구,개방형,강동구 천호동 350-3
용산구,개방형,용산구 이촌동 302-17
용산구,개방형,용산구 용산동6가 452-1
강남구,-,압구정로14길 6(신사동 548-4)
강남구,-,강남대로152길 14(신사동 513-2)
강남구,-,강남대로152길 29(신사동 515-12)
강남구,-,강남대로152길 34(신사동 514-8)
강남구,-,학동로2길 11 (취영루) 맞은편
강남구,-,학동로2길 19
강남구,-,학동로2길 47 맞은편
강남구,-,봉은사로1길 35 맞은편
강남구,-,봉은사로1길 32
강남구,-,봉은사로1길 16 
강남구,-,봉은사로1길 16 (청평갈비) 앞
강남구,-,학동로2길 13 (강남설렁탕) 맞은편
강남구,-,논현동 98-6 앞
강남구,-,논현동 97-20 앞
강남구,-,논현동 97-18 앞
강남구,-,논현동 97-17 앞
강남구,-,논현동 98-12 앞
강남구,-,논현동 105-12 앞
강남구,-,압구정로36길 8
강남구,-,삼성로100길 24
강남구,-,테헤란로81길 46
강남구,-,테헤란로83길 12
강남구,-,삼성로92길 28
강남구,-,삼성로96길 15
강남구,-,삼성로104길 22
강남구,-,봉은사로82길 32
강남구,-,삼성로104길 17
강남구,-,삼성로104길 28
강남구,-,테헤란로64길 14 (대치4동 889-56)
강남구,-,테헤란로64길 19 (대치4동  890-57)
강남구,-,선릉로86길 34 (대치4동 896-25)
강남구,-,삼성로85길 42 (대치4동 891-27)
강남구,-,선릉로90길 56 (대치4동 891-24)
강남구,-,삼성로85길 33 (대치4동 894))
강남구,-,선릉로90길 56(대치4동 891-24)
강남구,-,강남대로468
강남구,-,강남대로438
강남구,-,강남대로422
강남구,-,테헤란로1길 25
강남구,-,언주로98길7
강남구,-,언주로98길16
강남구,-,남부순환로361길 7
종로구,-,자하문로1길 12
종로구,-,자하문로1길 50-1
종로구,-,자하문로1길 34
종로구,-,자하문로1길 49-4
종로구,-,자하문로 103-19
종로구,-,자하문로1길 33
종로구,-,자하문로1길 103-4
종로구,-,자하문로1길 21
종로구,-,자하문로1길 3-2
종로구,-,자하문로1길 5
종로구,-,자하문로1길 3
종로구,-,자하문로 39
종로구,-,자하문로 2
종로구,-,자하문로1길 32
종로구,-,필운대로 9-2
종로구,-,통일로16길 3
종로구,-,수송동 80-7 보성사 터
종로구,-,종로 1 교보생명 앞
종로구,-,청계천로 35
종로구,-,서순라길 3
종로구,-,서순라길 7
종로구,-,종로3가 2-1
종로구,-,돈화문로 32-1
종로구,-,돈화문로 35
종로구,-,종로 289
종로구,-,종로 294
종로구,-,종로 307
종로구,-,종로 359
종로구,-,종로 398
서울특별시 관악구,개방형,에이치플러스양지병원 옥상
서울특별시 관악구,완전폐쇄형,롯데백화점 관악점 건물뒷편
서울특별시 관악구,완전폐쇄형,관악구청 2층 테라스
서울특별시 관악구,개방형,관악구청 9층 옥상
서울특별시 관악구,개방형,관악구의회 6층 옥상
서울특별시 관악구,개방형,관악구 보건소 6층 옥상
서울특별시 관악구,폐쇄형,싱글벙글센터 뒷편
서울특별시 관악구,완전폐쇄형,관악문화관도서관
서울특별시 관악구,개방형,강남고려병원 주차장
서울특별시 관악구,개방형,타임스트림 옥상
서울특별시 관악구,개방형,krtc 옥상
서울특별시 관악구,개방형,르네상스쇼핑몰
강북구,폐쇄형,서울시 강북구 도봉로 242
강북구,개방형,서울시 강북구 삼각산로 089
강북구,완전폐쇄형,서울시 강북구 오패산로 406
강북구,완전개방형,서울시 강북구 한천로 913
강북구,폐쇄형,서울시 강북구 오현로 145
강북구,폐쇄형,서울시 강북구 덕릉로40길 74
강북구,개방형,서울시 강북구 도봉로 238
강북구,개방형,서울시 강북구 솔샘로 223
강북구,폐쇄형,서울시 강북구 도봉로 62
강북구,완전폐쇄형,서울시 강북구 한천로 1289
송파구,밀폐형 실외 흡연실,서울특별시 송파구 올림픽로 300
송파구,개방형 실외 흡연실,서울특별시 송파구 법원로11길 7
송파구,밀폐형 실외 흡연실,서울특별시 송파구 충민로66
송파구,개방형 실외 흡연실,서울특별시 송파구 법원로 128
서울특별시 성북구,완전개방형,성북구보건소 10층 옥상
서울특별시 성북구,개방형,성북구청 12층 옥상
서울특별시 성북구,개방형,성북구청 5층 휴게공간
서울특별시 성북구,완전폐쇄형,고려대학교 안암병원출입구 앞 통행로
서울특별시 성북구,개방형,성북중앙병원 옥상
서울특별시 성북구,개방형,국민대학교 북악관 뒤
서울특별시 성북구,개방형,국민대학교 도서관 옆
서울특별시 성북구,폐쇄형,서경대 북악관 앞
서울특별시 성북구,폐쇄형,한성대학교 학송관 옆
서울특별시 성북구,폐쇄형,현대백화점 미아점 옥상
서울특별시 성북구,완전폐쇄형,이마트 미아점 주차동 1층
서울특별시 성북구,개방형,유타몰 뒤
서울특별시 성북구,완전폐쇄형,밀르몽 옥상
서울특별시 성북구,개방형,삼청각 한식당 주차장 뒤
서초구,개방형흡연구역,교보타워(강남대로 465) 부지주차장 진입로 옆
서초구,개방형흡연구역,강남대로 213 엘타워 뒤 주차장 진입로 옆
서초구,부분개방형흡연실,서울가정행정법원 청사 출입계단 밑
서초구,부분개방형흡연구역,고속버스터미널역 3번출구 앞
서초구,개방형흡연부스,강남역 7번 출구와 8번출구 사이 보도 서초동 1319-5 앞
서초구,개방형흡연부스,방배역 3번출구 먹자골목 입구방배동 910-9 옆
서초구,개방형흡연부스,서초대로 78길 24 서초동 1327-5 스타벅스 앞
서초구,개방형흡연부스,서초대로 78길 42 서초동 1330-18 현대기림오피스텔 앞
서초구,개방형흡연부스,방배천복개도로 명동칼국수(방배동 450-14) 앞
서초구,라인형흡연구역,서희타워(서초동1366-4) 옆 이면도로
서초구,부분개방형흡연부스,센트럴시티 호남선 출입구 옆
서초구,개방형흡연부스,원지동 23 서초종합체육센터 입구
서초구,부분개방형흡연부스,센트럴시티 경부선 하차장 옆
서초구,개방형흡연구역,센트럴시티 경부선 건물 남쪽 외부 공간
서초구,폐쇄형흡연부스,서초구청 주차장 자판기 옆
서초구,개방형흡연부스,방배동 438-38(서울시공공자전거 수리센터  앞) 
서초구,개방형흡연부스,방배천복개도로 방배경찰서방배동 455-10 앞
서초구,개방형흡연부스,방배천복개도로 그린골프장방배동 452-1 앞
서초구,라인형흡연구역,강남대로 221 양재환승주차장 세븐일레븐 편의점 옆
서초구,비대면흡연부스,양재천로21길 29 앞 녹지 사이 보도
서초구,라인형흡연구역,바우뫼로 128 비스텔타워 후면 전신주 주변
서초구,라인형흡연구역,양재동 261-22 양재천 족구장 기존 흡연구역
서초구,라인형흡연구역,마방로10길 25 건물 주차장 기업은행 지주간판 도로
서초구,라인형흡연구역,논현로1길 23 아파트 외부 보도 가각지점
서초구,라인형흡연구역,논현로1길 83 앞 녹지 옆 기존 흡연구역
서초구,라인형흡연구역,강남대로8길 77 동산마을구립주차장 내
서초구,라인형흡연구역,강남대로6길 60-23 건물 후면 양재대로변 
서초구,라인형흡연구역,강남대로4길 5 카센터 앞 보도
서초구,라인형흡연구역,강남대로6길 16 건물 앞 녹지사이 보도
서초구,라인형흡연구역,강남대로8길 3 건물 앞 보도 끝지점
서초구,비대면흡연부스,강남대로10길 21 건물 앞 녹지사이 보도
서초구,비대면흡연부스,마방로2길 26 건물 앞 녹지사이 보도
서초구,라인형흡연구역,강남대로30길 7 카센터 옆 기존 주차구역(영동교회 맞은편)
서초구,라인형흡연구역,남부순환로 2636 건물 우측 골목(오선채 좌측골목)
서초구,라인형흡연구역,강남대로 148 서울마더스성형외과 앞 녹지 사이 보도
서초구,라인형흡연구역,양재천로21길 3 건물 앞 보도 가각지점
서초구,라인형흡연구역,양재천로19길 34 건물 앞 녹지 사이 보도
서초구,비대면흡연부스,바우뫼로21길 10 진입로 입구
서초구,비대면흡연부스,강남대로27길 7-9 느린마을양조장 앞
서초구,비대면흡연부스,논현로 31 빌딩 앞 사거리 가각지점
서초구,라인형흡연구역,논현로 27 소호정 주차장
서초구,비대면흡연부스,논현로 71 평가옥 앞 
서초구,라인형흡연구역,동산로2길 27 한성생고기 앞
서초구,비대면흡연부스,양재동 316 띠녹지 안
서초구,비대면흡연부스,강남대로27 AT센터 앞
서초구,비대면흡연부스,서초동 1500-6 꽃마을1소공원 남측 부지 내 
서초구,개방형흡연부스,사당역 1번 출구와 2번 출구 사이 보도
서초구,개방형흡연부스,반포동 63-7(반포효성빌딩 페라리 매장 앞)
동작구,실외,서울특별시 동작구 노량진로 174
동대문구,완전폐쇄형,레프트커피(경희대로 20) 옥상
동대문구,완전폐쇄형,빅히트스크린야구(이문로 82) 테라스
동대문구,개방형,천호대로 307 (답십리동) 10층
동대문구,완전개방형,고미술로 100(답십리동) 옥상
동대문구,개방형,천호대로 329(답십리동) 1층
동대문구,완전개방형,한천로11길 6(답십리동) 옥상
동대문구,완전개방형,홍릉로 58(청량리동) 1층
동대문구,완전폐쇄형,회기로 47(청량리동) 1층
동대문구,완전폐쇄형,회기로 57(청량리동) 1층
동대문구,완전개방형,왕산로 61(용두동) 옥상
동대문구,개방형,왕산로 25(신설동) 옥상
동대문구,개방형,왕산로 25(신설동) 1층
동대문구,완전개방형,왕산로 21(신설동) 옥상
동대문구,개방형,왕산로 19(신설동) 옥상
동대문구,개방형,왕산로 15(신설동) 옥상
동대문구,개방형,왕산로 4(신설동) 테라스
동대문구,개방형,왕산로 117(제기동) 옥상
동대문구,개방형,왕산로 127(제기동) 옥상
동대문구,개방형,장한로 91(장안동) 1층
동대문구,개방형,한천로14길 87(장안동) 1층
동대문구,개방형,천호대로 151(용두동) 1층
동대문구,완전개방형,이문로 156(이문동) 옥상
동대문구,개방형,이문로 156(이문동) 1층
동대문구,완전개방형,이문로 199(이문동) 1층
동대문구,완전개방형,장한로 40(장안동) 옥상
동대문구,폐쇄형,청계천로 447(신설동) 1층
동대문구,폐쇄형,난계로28길 23(신설동) 3층
동대문구,완전개방형,난계로 250(신설동) 옥상
동대문구,완전개방형,난계로30길 27(신설동)옥상
동대문구,완전개방형,청계천로 439(신설동) 1층
동대문구,완전폐쇄형,청계천로 447(신설동) 1층
동대문구,완전개방형,왕산로 4(신설동) 옥상
동대문구,개방형,천호대로 26(신설동) 옥상
동대문구,완전개방형,왕산로6(신설동) 옥상
동대문구,완전개방형,왕산로6(신설동) 1층
동대문구,완전개방형,답십리로 303(장안동) 옥상
동대문구,폐쇄형,이문로 197(이문동) 1층
동대문구,개방형,답십리로 294(장안동) 2층
동대문구,개방형,답십리로92길 68(장안동) 1층
동대문구,개방형,회기로 123(회기동) 옥상
동대문구,개방형,사가정로 229(장안동) 1층
동대문구,개방형,한천로46길 2(장안동) 1층
동대문구,완전폐쇄형,답십리로 29(답십리동) 3층
동대문구,완전폐쇄형,답십리로 29(답십리동) 4층
동대문구,완전폐쇄형,답십리로 29(답십리동) 5층
동대문구,개방형,회기로 66(청량리동) 1층
동대문구,개방형,한천로 272(휘경동) 1층
동대문구,개방형,답십리로64길 103(장안동) 1층
동대문구,개방형,장한로 47(장안동) 1층
동대문구,개방형,이문로 136(이문동) 1층
동대문구,개방형,망우로 60(휘경동) 옥상
동대문구,완전폐쇄형,망우로12길 6(휘경동) 1층
동대문구,개방형,사가정로 272(장안동) 1층
동대문구,개방형,사가정로 203(전농동) 1층
동대문구,개방형,천호대로 395 2(장안동) 옥상
동대문구,개방형,천호대로 393(장안동) 옥상
동대문구,개방형,천호대로 381(장안동) 옥상
동대문구,개방형,천호대로 357(장안동) 1층
동대문구,개방형,청계천로 439(용두동) 1층
동대문구,개방형,왕산로 6(신설동) 1층
동대문구,개방형,왕산로 6(신설동) 옥상
동대문구,개방형,왕산로 4(신설동) 옥상
동대문구,개방형,황물로 60(답십리동) 옥상
동대문구,개방형,장한로10길 9(장안동) 1층
동대문구,개방형,장한로 120(장안동) 옥상
동대문구,개방형,한천로 77(답십리동) 테라스 2층
동대문구,개방형,한천로 77(답십리동) 테라스 4층
동대문구,개방형,한천로 77(답십리동) 테라스 5층
동대문구,개방형,한천로 77(답십리동) 테라스 6층
동대문구,폐쇄형,장안벚꽃로 279(휘경동) 1층
동대문구,개방형,왕산로 71(용두동) 옥상
동대문구,개방형,장한로 22(장안동) 1층
동대문구,폐쇄형,천호대로 433(장안동) 1층
동대문구,개방형,천호대로 437(장안동) 옥상
동대문구,개방형,홍릉로 28(청량리동) 옥상
동대문구,개방형,천호대로 444 1(장안동) 옥상
동대문구,개방형,장한로2길 62(장안동) 1층
동대문구,개방형,회기로 37(청량리동) 1층
동대문구,개방형,왕산로 53(용두동) 1층
동대문구,개방형,동대문구청(천호대로 145) 1층
동대문구,개방형,동대문구청(천호대로 145) 5층
동대문구,완전폐쇄형,동대문구민회관(장한로18길 82 9) 1층
동대문구,개방형,동대문소방서(장한로 34) 1층
동대문구,개방형,동대문우체국(천호대로 4) 1층
동대문구,폐쇄형,서울명병원(고산자로 421) 옥상
동대문구,개방형,멘토스병원(한천로 49) 옥상
동대문구,완전개방형,대한민국정형외과(장한로 200) 1층
동대문구,개방형,경희의료원(경희대로 23) 1층
동대문구,개방형,브레인요양병원(장한로32길 7) 옥상
동대문구,개방형,참튼튼병원(답십리로 261) 옥상
동대문구,폐쇄형,삼육서울병원(망우로 82) 1층
동대문구,개방형,동부시립병원(무학로 124) 
동대문구,개방형,주식회사호텔케이피(회기로 188 5)1층
동대문구,완전개방형,CMS INN.SEOUL(회기로 188 12)옥상
동대문구,개방형,더리센츠호텔(천호대로 383) 1층
동대문구,개방형,골든씨티호텔(천호대로 377)1층
동대문구,개방형,한빛로 12(신설동) 1층
동대문구,완전폐쇄형,래미안엘파인아파트한천로37길 33(답십리동) 1층
동대문구,개방형,장한로 37(장안동) 1층
동대문구,완전폐쇄형,"장한로2길 33, 2층"
동대문구,완전폐쇄형,"장한로2길 33, 3층"
동대문구,완전폐쇄형,"장한로2길 33, 4층"
동대문구,완전폐쇄형,"장한로2길 33, 5층"
동대문구,개방형,왕산로 214 1층
동대문구,개방형,왕산로 214 3층
동대문구,개방형,왕산로 214 7층 옥상
동대문구,개방형,천호대로 421 옥상
동대문구,완전개방형,장한로6 옥상
마포구,개방형,나인브릭
마포구,개방형,로이넷 호텔 서울 마포
마포구,개방형,신라스테이 마포
마포구,개방형,㈜호텔롯데 롯데시티 
마포구,실외,마포농수산물시장
마포구,개방형,태화 샘솟는집
마포구,개방형,서부운전면허시험장
마포구,밀폐형,O2PC방
마포구,밀폐형,제노피시방(동교점)
마포구,밀폐형,이룸PC
마포구,밀폐형,호텔 나루
마포구,밀폐형,쓰리팝 PC CAFE
마포구,밀폐형,긱스타 PC카페
마포구,실내,이마트 공덕점
마포구,밀폐형,서강PC
마포구,밀폐형,공간PC
마포구,밀폐형,넥스트 PC 서강대점
마포구,밀폐형,아이센스리그PC신촌본점
마포구,밀폐형,3POP PC방
마포구,밀폐형,VRIZ PC CAFE
마포구,밀폐형,SNS PC
마포구,밀폐형,합정 게임랜드
마포구,밀폐형,아이쩡피씨방
마포구,밀폐형,라인업PC방
마포구,밀폐형,샘 피시방 (SAEM PC방)
마포구,밀폐형,3POP PC방(상수점)
마포구,밀폐형,긱스타 PC방
마포구,밀폐형,마포구청
마포구,밀폐형,3POP PC
마포구,밀폐형,긱스타 PC CAFE
마포구,밀폐형,옥스 PC방(OX PC방)
마포구,밀폐형,텐PC CAFE
마포구,밀폐형,로드피씨
마포구,완전개방형,라운지 플스방
마포구,폐쇄형,스탠포드호텔
마포구,폐쇄형,한국여성의집
노원구,개방형,서울특별시 노원구 중계동 507 중계근린공원 주차장 내
노원구,밀폐형,서울특별시 노원구 중계동 508-1 등나무문화공원 주차장 내
구로구,-,서울특별시 구로구 경인로 430
구로구,-,서울특별시 구로구 경인로 427
구로구,-,서울특별시 구로구 구로동로 148
구로구,-,서울특별시 구로구 디지털로 243
구로구,-,서울특별시 구로구 디지털로 288
구로구,-,서울특별시 구로구 디지털로 306
구로구,-,서울특별시 구로구 디지털로34길 27
구로구,-,서울특별시 구로구 디지털로32길 30
구로구,-,서울특별시 구로구 디지털로33길 27
구로구,-,서울특별시 구로구 디지털로34길 55
구로구,-,서울특별시 구로구 디지털로33길 28
구로구,-,서울특별시 구로구 디지털로33길 55
구로구,-,서울특별시 구로구 디지털로31길 19
구로구,-,서울특별시 구로구 디지털로29길 38
구로구,-,서울특별시 구로구 디지털로26길 5
구로구,-,서울특별시 구로구 디지털로32길 29
구로구,-,서울특별시 구로구 디지털로26길 123
구로구,-,서울특별시 구로구 새말로 97 북서쪽 철로변측 인도공간
구로구,-,서울특별시 구로구 새말로 117-21 신도림역 2번출구
강서구,개방형,화곡로 302 강서구청 주차장 뒤편
강서구,개방형,우장산로 66 강서구민회관 1층
강서구,완전개방형,공항대로 213 보타닉 파크타워 옥상
강서구,완전개방형,마곡중앙8로 3길 79 옥상
강서구,완전개방형,마곡중앙8로 1길 62 옥상
강서구,완전개방형,마곡중앙8로 3길 53 옥상
강서구,개방형,강서로 443 마곡대명투웨니퍼스트 옥상
강서구,완전개방형,강서로 449 벨리오 오피스텔 옥상
강서구,완전개방형,마곡서로 170 1층  후문
강서구,완전개방형,마곡중앙5로 1길 25 1층 후문
강서구,개방형,마곡중앙 8로 1길 16 1층 2곳
강서구,폐쇄형,강서구 마곡중앙로 201 주차장 옆
강서구,개방형,마곡중앙로 150 옥상
강서구,개방형,양천로 251 마곡실내배드민턴장 1층 추자창 뒤편
강서구,개방형,하늘길 233 골프연습장
강서구,완전개방형,마곡중앙6로 65 지투프라자 3층
강서구,완전개방형,마곡중앙6로 69 3층
강서구,폐쇄형,"하늘길 111, 김포공항화물청사 1층 옥외의 일부"
강서구,폐쇄형,"하늘길 38, 김포공항국제선 옥외의 일부"
강서구,폐쇄형,"하늘길 111, 김포공항국내선 옥외의 일부"
강서구,-,서울특별시  강서구  발산1동  공항대로36길 이대서울병원
중구,-,서울특별시  중구  회현동  남대문로5가  소월로  50 Hilton
광진구,-,서울특별시  광진구  광장동  아차산로 피자힐
강남구,-,서울특별시  강남구  일원본동  일원동  일원로  81 삼성서울병원
강남구,-,서울특별시  강남구  역삼1동 테헤란로
동대문구,-,서울특별시  동대문구  전농2동  전농동  서울시립대로  163 서울시립대학교
서초구,-,서울특별시  서초구  서초3동  서초대로  265 북해도
서초구,-,서울특별시  서초구  반포4동  서래마을  반포대로  222 가톨릭대학교 서울성모병원
종로구,-,서울특별시  종로구  교남동  평동  새문안로  29 강북삼성병원 외래동
서대문구,-,서울특별시  서대문구  신촌동  연세로  50 연세대학교 신촌캠퍼스
강서구,-,부산광역시  강서구  명지동  명지국제6로 스타필드시티명지
영등포구,-,서울특별시  영등포구  여의동  국제금융로2길 S TREANUE 103-2호)  37 (여의도동 마포만두
마포구,-,서울특별시  마포구  용강동  14통  마포대로 마포고 옛자리
강서구,-,서울특별시  강서구  공항동  공항대로  지하 163 (Jiha 163) 마곡
마포구,-,서울특별시  마포구  대흥동  2통  백범로 85
마포구,-,서울특별시  마포구  아현동  43통  마포대로  109 장씨네
동대문구,-,서울특별시  동대문구  용신동  신설동  왕산로  1층 (신설동)  25 프롬하츠커피 신설역점
중구,-,서울특별시  중구  명동  장교동  삼일대로  2동 7층 7호 (장교동)  363 카오짜이
중구,-,서울특별시  중구  명동  명동1가  남대문로  지하1층 (소공동)  81 한국집
마포구,-,서울특별시  마포구  상암동  21통  성암로 공항철도디지털미디어시티역
금천구,-,서울특별시  금천구  가산동  서울디지털국가산업단지 3단지  가산디지털1로 스타벅스
서초구,-,서울특별시  서초구 방배2동
노원구,-,서울특별시  노원구  중계2·3동  무지개다리 바닥분수
강북구,-,서울특별시  강북구  수유3동  한천로139나길 카페로담
성북구,-,서울특별시  성북구  길음2동  동소문로  현대백화점미아점 지하1층 (길음동)  315 패티바이번 미아점
동작구,-,서울특별시  동작구  노량진1동  노량진동 노량진로
중구,-,서울특별시  중구  명동  을지로1가  을지로 (삼성화재B/D지하1호))  29 (을지로1가 구스타레이탈리안레스토랑
강남구,-,서울특별시  강남구  역삼1동  테헤란로  152 강남파이낸스센터
용산구,-,서울특별시  용산구  서빙고동  용산동5가  서빙고로  137 국립중앙박물관
마포구,-,서울특별시  마포구  대흥동  11통  신촌로 이대역 6번출구
서초구,-,서울특별시  서초구  방배1동  효령로  117 삐삐포차
서초구,-,서울특별시  서초구  반포4동  신반포로 정(김밥천국)
강남구,-,서울특별시  강남구  역삼1동  강남대로  382 에이블짐 강남역점
서초구,-,서울특별시  서초구  방배2동  남부순환로 사당역 빗물저류조
강남구,-,서울특별시  강남구  신사동  강남대로  616 씨엘33
노원구,-,서울특별시  노원구  상계2동  노해로79길 롯데백화점
서초구,-,서울특별시  서초구  서초4동  서초대로  325 Kyodae Animal Hospital
영등포구,-,서울특별시  영등포구  영등포본동  영등포동3가  경인로  7층 일부 (영등포동)  846 롯데컬처웍스(주)롯데시네마영등포7
영등포구,-,서울특별시  영등포구  당산2동  당산동5가  당산로  유니언타운 1층 101호 (당산동6가)  241 고기주방
광진구,-,서울특별시  광진구  구의3동 강변북로
동대문구,-,서울특별시  동대문구  전농1동  전농동  서울시립대로 57
광진구,-,서울특별시  광진구  자양4동  아차산로24길  200 Street Market
성동구,-,서울특별시  성동구  성수2가3동  성수일로8길 맛닭꼬 성수역점
마포구,-,서울특별시  마포구  서교동  양화로 써브웨이 합정역메세나폴리스점
중구,-,서울특별시  중구  광희동  동대문패션타운  장충단로  8층)  275 (을지로6가 어반나이프 테번
중구,-,서울특별시  중구  명동  을지로1가  을지로  시청광장지하쇼핑센터 지하1층 116호 (을지로1가)  지하 12 더진국 서울시청점
구로구,-,서울특별시  구로구  신도림동  경인로 현대
영등포구,-,서울특별시  영등포구  여의동  여의대로  더현대서울 지하2층 (여의도동)  108 (주)현대그린푸드 현대백화점 더현대서울
강남구,-,서울특별시  강남구  세곡동  수서동  밤고개로 착한컵밥
용산구,-,서울특별시  용산구  남영동  동자동  한강대로 405
강남구,-,서울특별시  강남구  삼성1동  삼성동  봉은사로 코리아아트 갤러리
용산구,-,서울특별시  용산구  한강로동  한강로3가  한강대로23길 55
강남구,-,서울특별시  강남구  대치1동 남부순환로
성동구,-,서울특별시  성동구  사근동 마조로1길
중구,-,서울특별시  중구  을지로동  세운상가  을지로 B102호 (을지로4가)  지하1층 B101  170 영빈루 을지트윈타워점
광진구,-,서울특별시  광진구  자양3동  자양동  능동로  92 롯데백화점
강남구,-,서울특별시  강남구  신사동  가로수길  논현로167길  9 더차림(the차림)
송파구,-,서울특별시  송파구  문정2동  문정동 새말로
송파구,-,서울특별시  송파구  잠실6동  신천동  송파대로  570 쿠팡
송파구,-,서울특별시  송파구  잠실6동  신천동  잠실길지하차도 엔젤리너스
서초구,-,서울특별시  서초구  서초4동 서초대로51길
서초구,-,서울특별시  서초구  서초3동  서초대로50길 외환은행
중구,-,인천광역시  중구  운서동 공항동로2길
마포구,-,서울특별시  마포구  서교동  홍대거리  양화로  162 대아빌딩
중구,-,서울특별시  중구  소공동  의주로1가  통일로 신라스테이 서대문
서대문구,-,서울특별시  서대문구  충현동  미근동  통일로9안길  32 화우 서대문역본점
중구,-,서울특별시  중구  소공동  의주로1가  통일로  농협중앙회 중앙본부 신관 지하1층 (충정로1가)  120 리클랜
강서구,-,서울특별시  강서구  공항동  하늘길  177 국립항공박물관
마포구,-,서울특별시  마포구  상암동  21통 성암로
강남구,-,서울특별시  강남구  수서동 밤고개로
동작구,-,서울특별시  동작구  노량진1동  노량진동 장승배기로30길
영등포구,-,서울특별시  영등포구  여의동  의사당대로  83 서평옥 여의도점
영등포구,-,서울특별시  영등포구  영등포본동  영등포동3가  경인로  862 (영등포동) 강촌칼국수
중구,-,서울특별시  중구  명동  을지로1가  을지로 을지로입구역 8번 출구
서초구,-,서울특별시  서초구  서초4동  강남대로  465 교보타워
서초구,-,서울특별시  서초구  반포4동  신반포로 수요미식회 프리미엄 어묵 떡볶이 리김밥(고터) 김밥
용산구,-,서울특별시  용산구  한강로동  한강로3가 한강대로21나길
중구,-,서울특별시  중구  명동  태평로1가  세종대로20길  110 서울특별시청
강남구,-,서울특별시  강남구  신사동  가로수길 논현로164길
서초구,-,서울특별시  서초구  양재1동  강남대로 신한은행
서초구,-,서울특별시  서초구  양재1동  강남대로 서울가정행정법원 (Seoul Family and Administrative Court)
서초구,-,서울특별시  서초구  반포4동  사평대로  205 모던눌랑(Modern Nülang)
서초구,-,서울특별시  서초구  서초2동 서초대로78길
서초구,-,서울특별시  서초구  방배1동 방배로
서초구,-,서울특별시  서초구  방배2동  방배천로  12 시골보쌈&감자옹심이
서초구,-,서울특별시  서초구  서초2동  1통  7반  강남대로37길  1층 깐부치킨 양재역점
서초구,-,서울특별시  서초구  반포4동  신반포로 펀비어킹 고속터미널점
서초구,-,서울특별시  서초구  서초2동  남부순환로 서초구청
서초구,-,서울특별시  서초구  방배2동 방배천로
서초구,-,서울특별시  서초구  방배2동  방배천로 서울 방배경찰서
서초구,-,서울특별시  서초구  방배3동  방배동 효령로20나길
서초구,-,서울특별시  서초구  양재1동 양재천로21길
서초구,-,서울특별시  서초구  양재1동 강남대로25길
서초구,-,서울특별시  서초구  양재2동  양재동  마방로  44-1 지코바 양재1호점
서초구,-,서울특별시  서초구  양재2동  논현로19길 트윈타워  A동지하1층14호(양재동 행복
서초구,-,서울특별시  서초구  양재2동 논현로1길
서초구,-,서울특별시  서초구  양재2동 강남대로8길
서초구,-,서울특별시  서초구  양재2동 강남대로2길
서초구,-,서울특별시  서초구  양재2동  양재동  강남대로4길 현대자동차서비스
서초구,-,서울특별시  서초구  양재2동  양재동  강남대로6길  15 태
서초구,-,서울특별시  서초구  양재2동  양재동  강남대로8길  10 멕시카나치킨 양재점
서초구,-,서울특별시  서초구  양재2동  양재동  강남대로10길  19 등촌샤브칼국수 양재매헌점
서초구,-,서울특별시  서초구  양재2동  양재동  마방로2길  1층(양재동) SALMOS(살모스) 231
서초구,-,서울특별시  서초구  양재2동  양재대로  19 LG 전자 서초 R&D 캠퍼스
서초구,-,서울특별시  서초구  양재1동  현대빌라  강남대로30길  55 두부 일번지
서초구,-,서울특별시  서초구  양재1동 남부순환로
서초구,-,서울특별시  서초구  양재1동 양재천로
서초구,-,서울특별시  서초구  양재1동 양재천로19길
서초구,-,서울특별시  서초구  양재1동  바우뫼로21길  10 Jaeyoon building
서초구,-,서울특별시  서초구  양재1동 바우뫼로25길
서초구,-,서울특별시  서초구  양재2동  동산로  2층(양재동) 해늘찹쌀순대
서초구,-,서울특별시  서초구  양재2동  논현로  27 소호정
서초구,-,서울특별시  서초구  양재2동 언남19길
서초구,-,서울특별시  서초구  양재2동  양재동  동산로2길  19 사계절
서초구,-,서울특별시  서초구  양재2동  양재동  강남대로16길 1층(양재동)  지하1 옛날농장
서초구,-,서울특별시  서초구  양재2동  양재동  염곡동서지하차도 화훼공판장
서초구,-,서울특별시  서초구  서초3동 서초대로38길
서초구,-,서울특별시  서초구  방배4동 방배중앙로
서초구,-,서울특별시  서초구  방배4동  방배중앙로 GS25
서초구,-,서울특별시  서초구  방배1동 서초대로
서초구,-,서울특별시  서초구  방배1동 방배중앙로
서초구,-,서울특별시  서초구  양재1동 비우뫼로14길
서초구,-,서울특별시  서초구  서초2동  서초대로72길 조랭이 부대찌개
서초구,-,서울특별시  서초구  서초3동  서초대로 롯데하이마트 교대역점
서초구,-,서울특별시  서초구  양재2동  내곡동  청계산로 청춘을 담은 청담설렁탕&순대국 청계산점
서초구,-,서울특별시  서초구  양재1동  우면동  중앙로  584 서초에비뉴클래식오피스텔
서초구,-,서울특별시  서초구  양재2동  양재동  강남대로4길  1층 늘봄숯불갈비
서초구,-,서울특별시  서초구  서초2동  강남대로 스타벅스
성동구,-,서울특별시  성동구  성수1가1동  성수동1가  왕십리로 카페스윗2호
중구,-,서울특별시  중구  소공동 소공로
중구,-,서울특별시  중구  명동  명동2가  명동8길  엠 플라자 4층 (명동2가)  27 말똥카니발 명동점
중구,-,서울특별시  중구  명동  다동  남대문로9길  센터플레이스빌딩 )  2층 204호 (다동  40 오오토모
중구,-,서울특별시  중구  명동  명동1가  남대문로  롯데백화점 본점 13층 (소공동)  81 엔제리너스 롯데백소공식당가
마포구,-,서울특별시  마포구  망원1동  망원동 한강 자전거길
중구,-,서울특별시  중구  회현동  봉래동2가  서울역광장  122-17 헌혈의집 서울역센터
송파구,-,서울특별시  송파구  잠실6동  신천동  올림픽로  300 롯데월드몰
영등포구,-,서울특별시  영등포구  여의동  여의나루로  한국교직원공제회관 지하1층 (여의도동)  50 차이(CHAI)797여의도점
영등포구,-,서울특별시  영등포구  여의동  여의나루로  76 KRX한국거래소서울사무소
마포구,-,서울특별시  마포구  서교동  동교동 신촌로4길
서초구,-,서울특별시  서초구  서초2동  효령로79길  드림플러스강남센터1층(서초동) 빈스앤드림스 강남센터점
마포구,-,서울특별시  마포구  서교동  양화로7길 메세나폴리스
성북구,-,서울특별시  성북구  월곡2동  화랑로  76 바른온누리약국
서초구,-,서울특별시  서초구  반포3동  신반포로  195 서래곱창
종로구,-,서울특별시  종로구  사직동  내자동 자하문로1길
종로구,-,서울특별시  종로구  사직동  필운동 자하문로1길
종로구,-,서울특별시  종로구  청운효자동  청운동  자하문로  105 서울청운초등학교
종로구,-,서울특별시  종로구  혜화동  명륜4가 대학로
종로구,-,서울특별시  종로구  이화동  대학로거리  대학로  122 흥사단 동숭미술관
종로구,-,서울특별시  종로구  이화동  이화장1길 7
종로구,-,서울특별시  종로구  청운효자동  통인동  자하문로  44 La Farina
종로구,-,서울특별시  종로구  사직동  필운동  필운대로 9-2
종로구,-,서울특별시  종로구  무악동  통일로16길 새마을금고
종로구,-,서울특별시  종로구  종로1·2·3·4가동  수송동  우정국로  55 조계사
종로구,-,서울특별시  종로구  종로1·2·3·4가동  종로1가  종로  1 주한콜롬비아대사관
종로구,-,서울특별시  종로구  종로1·2·3·4가동  서린동  청계천로 안동국시
종로구,-,서울특별시  종로구  종로1·2·3·4가동  봉익동 서순라길
종로구,-,서울특별시  종로구  종로1·2·3·4가동  종로3가 돈화문로5길
종로구,-,서울특별시  종로구  종로1·2·3·4가동  묘동  돈화문로8길  26 1358cafe
종로구,-,서울특별시  종로구  종로1·2·3·4가동  종로3가  돈화문로5가길  13 영춘옥
종로구,-,서울특별시  종로구  창신2동  종로 CU
종로구,-,서울특별시  종로구  창신1동  종로  294 교촌1991
종로구,-,서울특별시  종로구  창신2동  종로 콩시콩뼈순두부
종로구,-,서울특별시  종로구  숭인1동  숭인동 지봉로
종로구,-,서울특별시  종로구  숭인2동 난계로29길
종로구,-,서울특별시  종로구  종로1·2·3·4가동  관철동  삼일대로19길 용공장
종로구,-,서울특별시  종로구  종로1·2·3·4가동  관철동  우정국로2길 방이옥
종로구,-,서울특별시  종로구  종로1·2·3·4가동  관철동  삼일대로19길 오징어청춘
종로구,-,서울특별시  종로구  종로1·2·3·4가동  관철동  종로12길 청킹마마
종로구,-,서울특별시  종로구  종로1·2·3·4가동  관철동  종로14길 명륜진사갈비
종로구,-,서울특별시  종로구  종로1·2·3·4가동  관철동  우정국로2길 고메식당
종로구,-,서울특별시  종로구  종로1·2·3·4가동  관철동  우정국로2길 경성양꼬치
종로구,-,서울특별시  종로구  종로1·2·3·4가동  관철동  우정국로2길 종로족빨
종로구,-,서울특별시  종로구  종로1·2·3·4가동  관철동  종로8길 숙달돼지
종로구,-,서울특별시  종로구  종로1·2·3·4가동  관철동  우정국로2길 술에꼬치다 구뻐
종로구,-,서울특별시  종로구  종로1·2·3·4가동  관철동  종로12길 남영동양문
종로구,-,서울특별시  종로구  종로1·2·3·4가동  관철동  청계천로 해물점1978
종로구,-,서울특별시  종로구  종로1·2·3·4가동  관철동  종로12길 나주댁 육회랑전이랑
종로구,-,서울특별시  종로구  종로1·2·3·4가동  관철동  우정국로2길 잔잔
종로구,-,서울특별시  종로구  종로1·2·3·4가동  중학동 세종대로
중구,-,서울특별시  중구  명동  다동  을지로3길 24
중구,-,서울특별시  중구  소공동  순화동  서울 한양도성 인왕산구간4코스 HSBC 은행
중구,-,서울특별시  중구  청구동  신당동  다산로14길  1층 (신당동)  12 이시이
중구,-,서울특별시  중구  청구동  신당동  동호로10길  1층 (신당동)  79 차비
중구,-,서울특별시  중구  청구동  신당동  다산로28나길  321-8번지 삼성회관
중구,-,서울특별시  중구  청구동  신당동  청구로3나길 청구초등학교
중구,-,서울특별시  중구  다산동  동호로12길  15 (신당동) 원두막 흑염소
중구,-,서울특별시  중구  다산동  청구로17길  377-21 (1층) 파란하늘
중구,-,서울특별시  중구  다산동  17통  동호로12길  1층 101호 (신당동)  98 테이블보
중구,-,서울특별시  중구  소공동  태평로2가  서소문로  134-7 만족오향족발시청점
중구,-,서울특별시  중구  소공동  태평로2가  덕수궁길  4층 401호 (태평로2가)  9 마이시크릿덴
중구,-,서울특별시  중구  을지로동  초동  수표로12길  2층 (저동2가)  8 을지 잔치
중구,-,서울특별시  중구  명동  을지로2가  명동9가길 10
중구,-,서울특별시  중구  광희동  충무로4가  퇴계로41길  35 (인현동2가) 금동
중구,-,서울특별시  중구  광희동  충무로4가  퇴계로41길  3층 (인현동2가)  43 비피
중구,-,서울특별시  중구  광희동  충무로4가  충무로2길  1층 (충무로4가)  37 청록참치
중구,-,서울특별시  중구  광희동  충무로4가  충무로2길 (1층))  35 (충무로4가 서대문곱창
중구,-,서울특별시  중구  필동  필동1가  충무로  3 가 29-2 충무로돼지갈비
중구,-,서울특별시  중구  광희동  충무로4가  마른내로6길 (지상1층))  37 (충무로4가 만리향
중구,-,서울특별시  중구  광희동  충무로4가  마른내로6길  1층)  34 (인현동2가 진미네
중구,-,서울특별시  중구  광희동  충무로4가  마른내로6길  1층 (인현동2가)  23 초가집
중구,-,서울특별시  중구  광희동  인현동2가  마른내로6길 Inhyeon Traditional Market
중구,-,서울특별시  중구  광희동  충무로4가  마른내로6길  3층 (인현동2가)  15 몽상미생
중구,-,서울특별시  중구  광희동  충무로4가  퇴계로41길  1층 (인현동2가)  39 우리식당
중구,-,서울특별시  중구  명동  남산동3가  퇴계로   SEK
중구,-,서울특별시  중구  광희동  충무로4가  마른내로6길  1층 (인현동2가)  14 실비식당
중구,-,서울특별시  중구  광희동  충무로4가  마른내로6길  1층 (인현동2가)  29 행운집
중구,-,서울특별시  중구  명동  명동1가  남대문로  73 에비뉴엘
중구,-,서울특별시  중구  명동  명동2가  명동10길  지하1층 (명동2가)  19-3 익선병아리김밥(명동점)
중구,-,서울특별시  중구  명동  명동1가  명동길  25-7 명동부대찌개
중구,-,서울특별시  중구  명동  명동2가  명동9길  1층 (을지로2가)  43 할머니집
중구,-,서울특별시  중구  명동  을지로1가  을지로  35 (주)KEB하나은행 26층 (을지로1가) (주)조선호텔앤리조트 하나클럽
중구,-,서울특별시  중구  신당동  동대문패션타운 마장로
중구,-,서울특별시  중구  명동  장교동  삼일대로13길 IBK기업은행
중구,-,서울특별시  중구  을지로동  초동 수표로10길
중구,-,서울특별시  중구  광희동  동대문패션타운  장충단로  헬로에이피엠 5층 188호)  253 (을지로6가 엠마켓
용산구,-,서울특별시  용산구  이태원1동  보광로59길  40 Ugly Society
용산구,-,서울특별시  용산구  이태원1동  이태원로 GS25
용산구,-,서울특별시  용산구  이태원1동  이태원로  191 미스터케밥 본점
용산구,-,서울특별시  용산구  보광동 보광로24길
용산구,-,서울특별시  용산구  원효로1가 백범로
용산구,-,서울특별시  용산구  원효로1가  청파동3가  원효로97길  15 남영역세권청년주택아파트
용산구,-,서울특별시  용산구  원효로2가  원효로3가 원효로41길
용산구,-,서울특별시  용산구  용문동 새창로
용산구,-,서울특별시  용산구  남영동  동자동 후암로57길
용산구,-,서울특별시  용산구  원효로1가  원효로2가 원효로54길
용산구,-,서울특별시  용산구  원효로1가  원효로3가 원효로41길
용산구,-,서울특별시  용산구  한강로동  한강로3가  한강대로  58-1 용산수림식당
용산구,-,서울특별시  용산구  이태원1동  이태원로27가길  40 (주)마이첼시
용산구,-,서울특별시  용산구  이태원1동  이태원로27가길  54-4 생어거스틴
용산구,-,서울특별시  용산구  이태원1동  이태원로27가길 Craft Han's
용산구,-,서울특별시  용산구  이태원1동  이태원로27가길  13 더플라잉팬블루
용산구,-,서울특별시  용산구  이태원1동  이태원로20가길  7-5 살모니스트
용산구,-,서울특별시  용산구  보광동 장문로19길
용산구,-,서울특별시  용산구  보광동 보광로5길
용산구,-,서울특별시  용산구  보광동  보광로 30
용산구,-,서울특별시  용산구  효창동 임정로29길
용산구,-,서울특별시  용산구  효창동  효창원로69길  8 효창새마을금고 본점
용산구,-,서울특별시  용산구  한강로동  한강로3가 서빙고로3길
성동구,-,서울특별시  성동구  성수1가2동  아차산로  18 뚝섬
성동구,-,서울특별시  성동구  행당1동  행당동  왕십리로21길 수제비먹는닭갈비
광진구,-,서울특별시  광진구  구의3동  강변역로  53 강변
광진구,-,서울특별시  광진구  구의3동  강변역로  50 주식회사볼링사랑
광진구,-,서울특별시  광진구  구의1동  화양동 광나루로30길
광진구,-,서울특별시  광진구  구의2동  능동 천호대로
광진구,-,서울특별시  광진구  화양동  모진동  동일로22길  25 꿀단지 건대점
광진구,-,서울특별시  광진구  구의1동  미가로  72 쉐프의콜렉션
광진구,-,서울특별시  광진구  구의1동 미가로
광진구,-,서울특별시  광진구  군자동  천호대로 한베홀딩스
광진구,-,서울특별시  광진구  화양동  모진동  능동로  103 엔젤리너스
광진구,-,서울특별시  광진구  화양동  아차산로  241 효창
광진구,-,서울특별시  광진구  건대 맛의거리  모진동  동일로22길  107 치치 건대점
광진구,-,서울특별시  광진구  화양동  아차산로 히스토리 노래 연습장 (Karaoke)
광진구,-,서울특별시  광진구  건대 맛의거리  모진동  동일로22길 가마로
광진구,-,서울특별시  광진구  화양동  모진동  동일로22길  87 오사카고양이 건대점
광진구,-,서울특별시  광진구  건대 맛의거리  모진동  동일로22길  86 마실리아
광진구,-,서울특별시  광진구  화양동  모진동  동일로22길  81 수작 건대점
광진구,-,서울특별시  광진구  건대 맛의거리  모진동  동일로22길 FISH N GRILL
광진구,-,서울특별시  광진구  건대 맛의거리  모진동  동일로22길 황제참치
광진구,-,서울특별시  광진구  건대 맛의거리  모진동  동일로22길 코땀
광진구,-,서울특별시  광진구  화양동  모진동  동일로22길  57 비노앤오
광진구,-,서울특별시  광진구  화양동  모진동  동일로22길 코첼
광진구,-,서울특별시  광진구  화양동  모진동  아차산로31길 Jeju Abung pork restaurant
광진구,-,서울특별시  광진구  화양동  모진동  아차산로31길 옛말서울불고기
광진구,-,서울특별시  광진구  화양동  모진동 아차산로31길
광진구,-,서울특별시  광진구  화양동  아차산로33길 수상한포차
광진구,-,서울특별시  광진구  화양동  아차산로33길 선수촌
광진구,-,서울특별시  광진구  건대 맛의거리  모진동  동일로22길 Mr. Pizza
광진구,-,서울특별시  광진구  구의2동  구의동 자양로38길
광진구,-,서울특별시  광진구  중곡2동  용마산로1길 73
광진구,-,서울특별시  광진구  중곡2동 천호대로111길
광진구,-,서울특별시  광진구  자양2동  아차산로 379
광진구,-,서울특별시  광진구  광장동  광장로  80 서울광나루우편취급국
광진구,-,서울특별시  광진구  건대 맛의거리  모진동  동일로22길 더복서
광진구,-,서울특별시  광진구  화양동  아차산로33길  21 룸스
광진구,-,서울특별시  광진구  화양동  아차산로33길 꾼노리 (Kkun Nori)
광진구,-,서울특별시  광진구  화양동  아차산로33길 삼면이바다
광진구,-,서울특별시  광진구  건대 맛의거리  모진동  동일로24길 마쯔리
광진구,-,서울특별시  광진구  건대 맛의거리  모진동  동일로24길  95-3 심마니
광진구,-,서울특별시  광진구  화양동  모진동  아차산로31길 주식회사 돕
광진구,-,서울특별시  광진구  화양동  모진동  아차산로31길  9 주식회사 돕
광진구,-,서울특별시  광진구  화양동  모진동  아차산로31길  20-6 후타리본 건대점
광진구,-,서울특별시  광진구  화양동  동일로22길  65 솔방울
광진구,-,서울특별시  광진구  화양동  모진동  아차산로29길  41 소문난 오백빵
광진구,-,서울특별시  광진구  화양동 아차산로25길
광진구,-,서울특별시  광진구  화양동  모진동 아차산로27길
광진구,-,서울특별시  광진구  화양동  아차산로25길  24 몽움
광진구,-,서울특별시  광진구  화양동  모진동 동일로30길
광진구,-,서울특별시  광진구  화양동  모진동  능동로19길 은하모텔
광진구,-,서울특별시  광진구  화양동  모진동  능동로19길  35 오복가
광진구,-,서울특별시  광진구  화양동  모진동  능동로19길  21-2 지그재그
광진구,-,서울특별시  광진구  화양동  모진동  능동로19길 7
광진구,-,서울특별시  광진구  화양동  모진동  동일로22길  41 크라운호프 건대점
동대문구,-,서울특별시  동대문구  전농2동  사가정로  1층 (전농동)  127 남원정통추어탕
동대문구,-,서울특별시  동대문구  전농2동  전농로14길  1층 (전농동)  47 한마음기사식당
동대문구,-,서울특별시  동대문구  용신동  용두동  천호대로  1층 (용두동)  153 명륜진사갈비
동대문구,-,서울특별시  동대문구  전농2동  전농로14길  1층 (전농동)  9 해물 알탕 동태탕
동대문구,-,서울특별시  동대문구  전농2동  전농로20길  2층 (전농동)  4 마라대국 전농점
동대문구,-,서울특별시  동대문구  전농2동  전농로14길  14 전농곱창
동대문구,-,서울특별시  동대문구  휘경1동  회기동  이문로  36 와인양꼬치
동대문구,-,서울특별시  동대문구  휘경1동  회기로  201 서울휘경동우체국
동대문구,-,서울특별시  동대문구  용신동  용두동  천호대로29길 동대문구청
동대문구,-,서울특별시  동대문구  휘경1동 이문로8길
동대문구,-,서울특별시  동대문구  휘경2동  전농로38길  1층 (휘경동)  89 판다 파스타
동대문구,-,서울특별시  동대문구  전농2동  전농로14길  7 (전농동) 화성옥갈비
동대문구,-,서울특별시  동대문구  전농2동 사가정로13가길
동대문구,-,서울특별시  동대문구  장안2동  사가정로25길  1층 (장안동)  23 오미통통이 김밥
동대문구,-,서울특별시  동대문구  장안2동  휘경동  한천로46길  1층 (장안동)  74-2 우렁쌈밥
동대문구,-,서울특별시  동대문구  휘경1동  망우로  1층 (휘경동)  91 서희
동대문구,-,서울특별시  동대문구  답십리1동  답십리동  고미술로  12 (답십리동) 육당정육식당
동대문구,-,서울특별시  동대문구  장안1동  장한로2길  2층~4층 (장안동)  20 송쉐프장안점
동대문구,-,서울특별시  동대문구  휘경2동  휘경동  망우로14길  1층 (휘경동)  10 청담이상 휘경점
동대문구,-,서울특별시  동대문구  이문2동  외대 모두의거리  휘경로 11
동대문구,-,서울특별시  동대문구  이문2동  외대 모두의거리  휘경로2길  1층 (이문동)  37 인(In)서울
동대문구,-,서울특별시  동대문구  장안2동  장한로  140 삼부
동대문구,-,서울특별시  동대문구  장안1동  장안동  답십리로62길  1층 (장안동)  22-2 박가네 고깃간
동대문구,-,서울특별시  동대문구  답십리2동  황물로  177 땡큐
동대문구,-,서울특별시  동대문구  장안2동  장한로34길  23-7 A동
동대문구,-,서울특별시  동대문구  이문1동 외대역동로27가길
동대문구,-,서울특별시  동대문구  이문1동  신이문로  1층 (이문동)  32 발칙한맥주
동대문구,-,서울특별시  동대문구  이문1동  신이문로 (신이문길 77))  43 (이문동 진도식당
동대문구,-,서울특별시  동대문구  전농1동  전농동  서울시립대로 (배봉로61-2))  61-4 (전농동 세진식당
동대문구,-,서울특별시  동대문구  전농1동  전농로  155 (전농동) 마포칼국수
동대문구,-,서울특별시  동대문구  전농1동  전농동  서울시립대로9길 21
동대문구,-,서울특별시  동대문구  전농1동  전농동  서울시립대로27길  53 떡전주막
동대문구,-,서울특별시  동대문구  전농1동  전농동  전농로  1층 (전농동)  237 김밥애빠지다
동대문구,-,서울특별시  동대문구  전농1동  전농동  전농로  239 (전농동) 다사리아
동대문구,-,서울특별시  동대문구  전농1동  전농동  전농로17길  8 (전농동) 황제족발앤보쌈
동대문구,-,서울특별시  동대문구  전농1동  전농동  전농로17길  1층 (전농동)  7 노가리이야기
동대문구,-,서울특별시  동대문구  전농1동  전농동  전농로29길 (지상1층))  97 (전농동 봉순이네감자탕
동대문구,-,서울특별시  동대문구  전농1동  왕산로40길  1층 (전농동)  8-1 삼시세끼
동대문구,-,서울특별시  동대문구  장안2동  장한로  157 (장안동) 동의보쌈칼국수냉면
동대문구,-,서울특별시  동대문구  장안2동  장한로  1층 (장안동)  155 혜미네산꼼장어
동대문구,-,서울특별시  동대문구  장안2동  장한로  지상1층 (장안동)  151 이천농장정육식당
동대문구,-,서울특별시  동대문구  장안2동  장한로24길  46 맥주아비 장안사거리점
동대문구,-,서울특별시  동대문구  장안2동  장한로24길  2층 (장안동)  27 미소식탁
동대문구,-,서울특별시  동대문구  장안2동  답십리로  287 한창빌딩
동대문구,-,서울특별시  동대문구  장안2동  장한로24길 (장평10길 7))  13 (장안동 쪼끼쪼끼장안사거리점
동대문구,-,서울특별시  동대문구  장안2동  장한로24길  7 메이드
동대문구,-,서울특별시  동대문구  장안2동  장한로24길  1층 (장안동)  8 부르클린 커피
동대문구,-,서울특별시  동대문구  장안2동  장한로  1층 (장안동)  106 신사골감자탕 장안점
동대문구,-,서울특별시  동대문구  장안2동  장한로  102 돈주담삼겹살
동대문구,-,서울특별시  동대문구  장안2동  장한로22길 신라모텔
동대문구,-,서울특별시  동대문구  장안2동  장안현대홈타운2차아파트  장한로26다길  1층 (장안동)  36 우가네곱창&호프
동대문구,-,서울특별시  동대문구  장안2동  장한로26가길 103호 (장안동)  어반슈필라움 1층 102  29 (주)비케이우대갈비
동대문구,-,서울특별시  동대문구  장안2동  한천로28길 (전곡시장9길7))  14 (장안동 미림찌개세상
동대문구,-,서울특별시  동대문구  장안2동  한천로 2층 (장안동)  1  202 왕코등갈비
동대문구,-,서울특별시  동대문구  장안2동  사가정로  2층 201호 (장안동)  221 에스(S)
동대문구,-,서울특별시  동대문구  장안2동  장한로  92 신원식당
동대문구,-,서울특별시  동대문구  장안2동  장한로26가길  81 (장안동) 낙지머근하누
동대문구,-,서울특별시  동대문구  장안2동  정은스카이빌3차아파트  장한로18길  19 커피굽는라이로스터라이
동대문구,-,서울특별시  동대문구  장안2동  장안동  답십리로72길  1층 (장안동)  92 급속냉동삼겹살전문점 장안직영점
동대문구,-,서울특별시  동대문구  장안2동  장안동  답십리로72길 디어테이블
동대문구,-,서울특별시  동대문구  장안2동  답십리로65길  124 둥지백반
동대문구,-,서울특별시  동대문구  장안2동  답십리로65길  124-3 (장안동) 장안골
동대문구,-,서울특별시  동대문구  장안2동  사가정로23가길 옹기골숯불구이
동대문구,-,서울특별시  동대문구  장안2동  사가정로23가길  11 청년다방
동대문구,-,서울특별시  동대문구  장안2동  답십리로65길 미니스톱
동대문구,-,서울특별시  동대문구  장안2동  사가정로  1층 (장안동)  231 명인옛날통닭장안직영점
동대문구,-,서울특별시  동대문구  이문1동  신이문로  1층 (이문동)  27-7 성원유황오리
동대문구,-,서울특별시  동대문구  이문1동  한천로 (지상1층) (한천로 450))  450 (이문동 동해회수산
동대문구,-,서울특별시  동대문구  이문1동  신이문로  1층 (이문동)  3 한앤둘치킨
동대문구,-,서울특별시  동대문구  이문1동  신이문로 (신이문길72))  40-1 (이문동 숙이네포장마차
동대문구,-,서울특별시  동대문구  이문1동  이문로42길  91 (이문동) 애자이모식당
동대문구,-,서울특별시  동대문구  전농2동  전농로16길  45 한양공인중개사사무소
동대문구,-,서울특별시  동대문구  전농2동  전농로16길  1층 (전농동)  23 골목막창
동대문구,-,서울특별시  동대문구  전농2동  사가정로13길  3 (전농동) 지니어스아이씨엘
동대문구,-,서울특별시  동대문구  전농2동  전농로16길  22 (전농동) 백리향
동대문구,-,서울특별시  동대문구  전농2동  전농로20길  9 동근이숯불두마리치킨
동대문구,-,서울특별시  동대문구  전농2동  전농로20길  1층 (전농동)  2 신락원
동대문구,-,서울특별시  동대문구  전농2동  전농로16길  16 돈까스짱 전농동사거리점
동대문구,-,서울특별시  동대문구  전농2동  사가정로  1층 (전농동)  132 9.2숯불닭바베큐
동대문구,-,서울특별시  동대문구  전농1동  전농동 서울시립대로16길
동대문구,-,서울특별시  동대문구  청량리동  홍릉로8길  지하1층 (청량리동)  31-1 돈돼지야시장 돼지갈비 후라이드 동대문점
동대문구,-,서울특별시  동대문구  청량리동  왕산로43다길  5 청량리동 주민센터
동대문구,-,서울특별시  동대문구  전농1동  전농동  전농로19길  1층 (전농동)  16 자매식당
동대문구,-,서울특별시  동대문구  이문2동  외대 모두의거리  이문로  세진빌딩) 102호 (이문동  1층 101호  89 온센 동대문구점
동대문구,-,서울특별시  동대문구  이문1동  이문로  1층 (이문동)  185 폭풍장어
동대문구,-,서울특별시  동대문구  장안1동  장한로2길  1층 (장안동)  24 황기닭곰탕
동대문구,-,서울특별시  동대문구  이문1동  신이문로  4 (이문동) 등대횟집
동대문구,-,서울특별시  동대문구 이문1동
동대문구,-,서울특별시  동대문구  이문1동  신이문로  29 (이문동) 해물포차 서봉
동대문구,-,서울특별시  동대문구  전농2동  사가정로13길  4 (전농동) 김경자 원조손칼국수 보쌈
동대문구,-,서울특별시  동대문구  이문1동  신이문로  1층 (이문동)  34-1 영수네고기세상
동대문구,-,서울특별시  동대문구  이문1동  신이문로  7 (이문동) 밤푸스치킨
동대문구,-,서울특별시  동대문구  장안1동  장안동 한천로14길
동대문구,-,서울특별시  동대문구  장안1동  장한로2길  2층 (장안동)  15 꼬다야
동대문구,-,서울특별시  동대문구  장안1동  장한로  1층 (장안동)  48 조아죽네 신쭈꾸미
동대문구,-,서울특별시  동대문구  장안2동  사가정로25길  1층 (장안동)  29 밥사랑
동대문구,-,서울특별시  동대문구  장안2동  사가정로27길  4 종합카공업사
동대문구,-,서울특별시  동대문구  회기동  이문로  1층 (회기동)  17-26 카츠 정연
중랑구,-,서울특별시  중랑구  면목5동  겸재로 114
중랑구,-,서울특별시  중랑구  면목3·8동  면목동  면목로  333 롯데리아
중랑구,-,서울특별시  중랑구  면목3·8동  면목동  면목로53길 원진 녹색병원
중랑구,-,서울특별시  중랑구  면목3·8동  면목동 사가정로49길
중랑구,-,서울특별시  중랑구  면목3·8동  면목동  사가정로51길  26 치킨매니아
중랑구,-,서울특별시  중랑구  상봉2동  봉우재로43길 37
중랑구,-,서울특별시  중랑구  망우본동  상봉로  134 망우삼부주상복합
성북구,-,서울특별시  성북구  동선동  동선동1가  동소문로24길  1층 (동선동1가)  9 돈카와치 성신여대역점
성북구,-,서울특별시  성북구  동선동  동선동1가  동소문로20가길  1층 (동선동1가)  46 한우누렁소
성북구,-,서울특별시  성북구  안암동  안암동5가  고려대로26길  42-1 (안암동5가) 생활맥주 고대 안암점
성북구,-,서울특별시  성북구  길음1동  길음동  길음로  2 (길음동) 서울닭한마리
성북구,-,서울특별시  성북구  길음1동  길음동  길음로 2-6호 (길음동)  길음뉴타운9단지래미안 상가 2층 2-5  6 홍춘천치즈닭갈비(길음점)
성북구,-,서울특별시  성북구  길음2동  삼양로4길  1층 (길음동)  4 올카커피
성북구,-,서울특별시  성북구  길음1동  길음뉴타운래미안9단지아파트  길음로9길  50 길음시장약국
성북구,-,서울특별시  성북구  정릉3동  보국문로11길  26 (정릉동) 남원추어탕
성북구,-,서울특별시  성북구  월곡1동  종암로 서울도시과학기술고등학교
성북구,-,서울특별시  성북구  삼선동  동소문동3가  동소문로2길 (1층))  17 (동소문동2가 꼬꼬댁꼬꼬
성북구,-,서울특별시  성북구  정릉3동  보국문로11길  청수한의원 2층 (정릉동)  23 260 플레이스 2호점
성북구,-,서울특별시  성북구  돈암1동  정릉로44길 현대아파트2)  나동 지하1층 35호 (돈암동  7 인디안 치킨
성북구,-,서울특별시  성북구  삼선동  삼선동5가  보문로32길 성북구청
성북구,-,서울특별시  성북구  동선동  동선동4가  동소문로  106 육층약국
노원구,-,서울특별시  노원구  월계1동  화랑로 2
강북구,-,서울특별시  강북구  송중동  월계로7나길 옛날농장
강북구,-,서울특별시  강북구  송중동  도봉로4길 장어 앤 전설
강북구,-,서울특별시  강북구  송중동  도봉로10가길 세꼬시포차
강북구,-,서울특별시  강북구  송중동  도봉로10가길 역전할머니맥주 미아사거리점
강북구,-,서울특별시  강북구  송중동  도봉로10가길 오복 닭한마리
강북구,-,서울특별시  강북구  송중동  도봉로6길 의정부 부대찌개
강북구,-,서울특별시  강북구  송중동  도봉로10가길 자주키친
강북구,-,서울특별시  강북구  송중동  도봉로6길 대동집 미아사거리점
강북구,-,서울특별시  강북구  수유3동  한천로140길 조개깡패 연구소
강북구,-,서울특별시  강북구  수유3동  한천로140길 목포해물탕
강북구,-,서울특별시  강북구  수유3동  한천로140길 조연탄 기다리면 돼지
강북구,-,서울특별시  강북구  수유3동  한천로140길 고바매치킨
강북구,-,서울특별시  강북구  수유3동  한천로140길 어사출또
강북구,-,서울특별시  강북구  수유3동  도봉로 감탄 수유역점
강북구,-,서울특별시  강북구  수유3동 도봉로87길
강북구,-,서울특별시  강북구  수유3동  도봉로85길 명륜진사갈비수유점
도봉구,-,서울특별시  도봉구  창4동 노해로69길
도봉구,-,서울특별시  도봉구  창1동  창동 도봉로110나길
도봉구,-,서울특별시  도봉구  쌍문3동 도봉로113길
도봉구,-,서울특별시  도봉구  쌍문3동 도봉로
도봉구,-,서울특별시  도봉구  도봉2동 도봉로180가길
도봉구,-,서울특별시  도봉구  방학1동 도봉로150다길
도봉구,-,서울특별시  도봉구  쌍문1동  우이동  삼양로 신화상사신화제2주유소
도봉구,-,서울특별시  도봉구  쌍문3동 도봉로109길
도봉구,-,서울특별시  도봉구  창2동 도봉로110다길
도봉구,-,서울특별시  도봉구  창4동 마들로11가길
노원구,-,서울특별시  노원구  하계1동  하계동 공릉로
노원구,-,서울특별시  노원구  상계2동 노해로83길
노원구,-,서울특별시  노원구  상계2동 노해로81길
노원구,-,서울특별시  노원구  상계6·7동 노해로
노원구,-,서울특별시  노원구  상계6·7동 동일로217가길
노원구,-,서울특별시  노원구  상계6·7동  동일로218가길 남서울내과 건강검진센터
노원구,-,서울특별시  노원구  월계2동  월계동 월계로49길
은평구,-,서울특별시  은평구  응암3동 응암로13길
은평구,-,서울특별시  은평구  응암3동  응암로11길 짝태 앤 노가리
은평구,-,서울특별시  은평구  응암3동  응암로13길 수빈내새참
은평구,-,서울특별시  은평구  응암3동  응암로13길 강화 통통 생고기
은평구,-,서울특별시  은평구  응암3동  응암로11길 하우돈곱창
은평구,-,서울특별시  은평구  응암3동  응암로13길 가장 맛있는 족발
은평구,-,서울특별시  은평구  응암3동  응암로13길 삼거리 중식포차
은평구,-,서울특별시  은평구  응암3동  응암로13길 금별맥주
은평구,-,서울특별시  은평구  응암3동  응암로9길 호우 양꼬치
은평구,-,서울특별시  은평구  불광1동  불광동  진흥로15길 암사직화 쪽갈비 불광점
은평구,-,서울특별시  은평구  불광1동  불광동  불광로 원할머니보쌈
은평구,-,서울특별시  은평구  불광1동  불광동  통일로66길 가나안농원
은평구,-,서울특별시  은평구  불광1동  불광동  불광로 한우리
은평구,-,서울특별시  은평구  불광1동  불광동  통일로 산이야기
은평구,-,서울특별시  은평구  불광1동  불광동  통일로66길 형제갈비
은평구,-,서울특별시  은평구  불광1동  불광동  통일로66길 삼각산도토리마을
은평구,-,서울특별시  은평구  불광1동  불광동  진흥로15길 원조 불광 순대국
은평구,-,서울특별시  은평구  불광1동  불광동  통일로66길 등촌샤브칼국수 불광점
은평구,-,서울특별시  은평구  불광1동  불광동  진흥로15길 아띠
은평구,-,서울특별시  은평구  불광1동  불광동  불광로 남극회관
은평구,-,서울특별시  은평구  대조동  진흥로 불광동황소곱창구이
은평구,-,서울특별시  은평구  불광1동  불광동  통일로66길 목포세발낙지
은평구,-,서울특별시  은평구  불광1동  불광동 통일로
은평구,-,서울특별시  은평구  불광1동  불광동  통일로66길 박사아구
은평구,-,서울특별시  은평구  불광1동  불광동  통일로66길 짝태노가리야
은평구,-,서울특별시  은평구  불광1동  불광동  불광로 제일해장국
은평구,-,서울특별시  은평구  불광1동  불광동  통일로66길 교동전선생 불광점
은평구,-,서울특별시  은평구  불광1동  불광동  통일로66길 족발야시장&무청감자탕 불광역점
은평구,-,서울특별시  은평구  불광1동  불광동  통일로66길 펀 비어킹 불광역점
은평구,-,서울특별시  은평구  불광1동  불광동  통일로66길 횟집 산이네
은평구,-,서울특별시  은평구  불광1동  불광동  통일로66길 막걸리나한사발
은평구,-,서울특별시  은평구  불광1동  불광동  통일로66길 광동 생태 대구뽈
은평구,-,서울특별시  은평구  불광1동  불광동  통일로66길 설
은평구,-,서울특별시  은평구  불광1동  불광동  통일로66길 영심이네 오리불고기
은평구,-,서울특별시  은평구  불광1동  불광동  통일로66길 77년생 곱도리 전골식당
은평구,-,서울특별시  은평구  불광1동  불광동  불광로 풍년갈비
은평구,-,서울특별시  은평구  불광1동  불광동  통일로66길 정커피숍
은평구,-,서울특별시  은평구  불광1동  불광동  통일로66길 발리다 포차 (불광점)
은평구,-,서울특별시  은평구  불광1동  불광동  불광로 Good닭
은평구,-,서울특별시  은평구  불광1동  불광동 통일로66길
은평구,-,서울특별시  은평구  진관동 북한산로
은평구,-,서울특별시  은평구  구산동  서오릉로 191
은평구,-,서울특별시  은평구  녹번동  대조동  진흥로 이가네설렁탕
은평구,-,서울특별시  은평구  증산동  증산로  299 청록아파트
은평구,-,서울특별시  은평구  응암2동  응암동  응암로 자금성
은평구,-,서울특별시  은평구  진관동  통일로  1053 은평환경플랜트
은평구,-,서울특별시  은평구  진관동  의상봉길 카페 309
서대문구,-,서울특별시  서대문구  신촌동  연세로9길  14 七七肯德基
서대문구,-,서울특별시  서대문구  신촌동  연세로7길  32 YOLO-Travel Cafe
서대문구,-,서울특별시  서대문구  신촌동  연세로7길  18 이찌방이야기 신촌점
서대문구,-,서울특별시  서대문구  신촌동  연세로7안길  18 스카이문
서대문구,-,서울특별시  서대문구  신촌동 연세로7안길
서대문구,-,서울특별시  서대문구  신촌동  연세로 연세로.문학의거리
서대문구,-,서울특별시  서대문구  신촌동 신촌로
서대문구,-,서울특별시  서대문구  홍은2동  홍은동 내부순환로
마포구,-,서울특별시  마포구  대흥동  2통  광성로6길 66
마포구,-,서울특별시  마포구  용강동 대흥로14길
마포구,-,서울특별시  마포구  용강동  토정동 토정로
마포구,-,서울특별시  마포구  용강동 토정로28길
마포구,-,서울특별시  마포구  용강동  토정동  마포대로 Giant
마포구,-,서울특별시  마포구  용강동 대흥로6길
마포구,-,서울특별시  마포구  용강동  구수동  토정로  255 램랜드
마포구,-,서울특별시  마포구  용강동 토정로25길
마포구,-,서울특별시  마포구  용강동 토정로
마포구,-,서울특별시  마포구  용강동  구수동  토정로 용강동사무소
마포구,-,서울특별시  마포구  용강동 토정로27길
마포구,-,서울특별시  마포구  용강동  구수동  토정로  277 서울용강동우편취급국
마포구,-,서울특별시  마포구  용강동  구수동 토정로
마포구,-,서울특별시  마포구  용강동  토정동 토정로37가길
마포구,-,서울특별시  마포구  용강동  토정동 마포대로1길
마포구,-,서울특별시  마포구  용강동  토정동  토정로  312 마포옥
마포구,-,서울특별시  마포구  용강동  토정동  토정로 목우촌한우명가
마포구,-,서울특별시  마포구  용강동  토정동 토정로35길
마포구,-,서울특별시  마포구  용강동  토정동  토정로37가길  돼지갈비) 마포 조박집 (수요미식회
마포구,-,서울특별시  마포구  용강동  토정동  토정로 마포대교입구
마포구,-,서울특별시  마포구  용강동  토정동  토정로 용강동입구
마포구,-,서울특별시  마포구  용강동  토정동 토정로31길
마포구,-,서울특별시  마포구  용강동  토정동 큰우물로
마포구,-,서울특별시  마포구  용강동  토정동 토정로32길
마포구,-,서울특별시  마포구  성산1동 성산로2길
마포구,-,서울특별시  마포구  상암동  27통 World Cup buk-ro 58-gil
마포구,-,서울특별시  마포구  성산1동 성미산로5길
마포구,-,서울특별시  마포구  성산1동 성미산로1길
마포구,-,서울특별시  마포구  성산1동 월드컵북로15길
마포구,-,서울특별시  마포구  연남동  성미산로 대화마트
마포구,-,서울특별시  마포구  성산1동 성미산로10길
마포구,-,서울특별시  마포구  서강동  13통  서강로 소낙스 마포점
마포구,-,서울특별시  마포구  서강동  13통 서강로
마포구,-,서울특별시  마포구  성산2동  성산동 월드컵로
마포구,-,서울특별시  마포구  서교동  동교동  어울마당로 140
마포구,-,서울특별시  마포구  서교동  동교동  와우산로29길  26 사운드스토어
양천구,-,서울특별시  양천구  목1동 목동동로
양천구,-,서울특별시  양천구  목5동  목동  목동서로  57 현대파리지앙
양천구,-,서울특별시  양천구  신정4동  오목로 목동역.목동오거리
양천구,-,서울특별시  양천구  신정1동 중앙로
양천구,-,서울특별시  양천구  목1동  오목로  325 대학학원 목동본원
양천구,-,서울특별시  양천구  목1동  목동금호1차  오목로 공차
양천구,-,서울특별시  양천구  신정7동  목동동로 국민은행 양천지점
양천구,-,서울특별시  양천구  신정4동 국회대로10길
양천구,-,서울특별시  양천구  신정4동 오목로
양천구,-,서울특별시  양천구  목4동  목동중앙서로1길 태영한증막사우나
양천구,-,서울특별시  양천구  목1동  목동서로 102
양천구,-,서울특별시  양천구  신정3동  신트리1단지아파트  중앙로  209 신정3동 주민센터
양천구,-,서울특별시  양천구  신월6동  목동센트럴아이파크위브아파트 남부순환로83길
양천구,-,서울특별시  양천구  신정1동  중앙로32길 신정1동주민센터
강서구,-,서울특별시  강서구  화곡6동 화곡로
구로구,-,서울특별시  구로구  가리봉동 우마길
구로구,-,서울특별시  구로구  구로3동  가리봉동 우마2길
구로구,-,서울특별시  구로구  구로2동 구로동로15길
구로구,-,서울특별시  구로구  구로4동 구로동로
구로구,-,서울특별시  구로구  가리봉동 남부순환로105라길
금천구,-,서울특별시  금천구  시흥1동  금하로 해상공원횟집
영등포구,-,서울특별시  영등포구  당산1동  당산동3가  당산로32길  지상1층(전체))  1-8 (당산동3가 골목대장
영등포구,-,서울특별시  영등포구  당산1동  당산동3가  당산로31길  10 영등포식당
영등포구,-,서울특별시  영등포구  당산1동  당산동3가  양산로23길  1층 불막열삼 영등포구청역점
영등포구,-,서울특별시  영등포구  당산1동  당산동3가  당산로32길  지상1층)  2 (당산동3가 다다하다 영등포구청점
영등포구,-,서울특별시  영등포구  당산1동  당산동3가  국회대로34길  지하1층 (당산동3가)  13 얌얌 불닭발
영등포구,-,서울특별시  영등포구  영등포동  영등포동2가  버드나루로  스카이리버 지하1층 B101호 (당산동)  90 호텔아벤트리여의도
영등포구,-,서울특별시  영등포구  당산2동  당산동5가  양평로12길  1층 (당산동6가)  13 스페셜티 스튜디오(Specialty Studio)
영등포구,-,서울특별시  영등포구  당산2동  당산동5가  당산로47길 지상2층)  9 (당산동6가 연참치
영등포구,-,서울특별시  영등포구  대림1동 대림로22가길
영등포구,-,서울특별시  영등포구  대림1동  도림로62길  1층 (대림동)  1 별난순대국
영등포구,-,서울특별시  영등포구  대림1동  도림로  1층)  180 (대림동 이화화로구이
영등포구,-,서울특별시  영등포구  대림1동  디지털로  2층 (대림동)  453 프리돈가스
영등포구,-,서울특별시  영등포구  대림1동  디지털로  459 (대림동) 대박주먹고기
영등포구,-,서울특별시  영등포구  대림1동  디지털로  461-2 (대림동) 금호식당
영등포구,-,서울특별시  영등포구  대림1동  신길로  1층)  49 (대림동 청진동해장국
영등포구,-,서울특별시  영등포구  대림1동  디지털로  1층 (대림동)  410 홍가네순대국
영등포구,-,서울특별시  영등포구  대림1동  디지털로  412 (대림동) 버글버글전원양꼬치
영등포구,-,서울특별시  영등포구  대림1동  디지털로  1층 (대림동)  427 신박사네
영등포구,-,서울특별시  영등포구  대림1동  디지털로  1층)  395 (대림동 친구네정육식당
영등포구,-,서울특별시  영등포구  대림1동  디지털로 대림포교원
영등포구,-,서울특별시  영등포구  대림1동  대림로8길  3 김가네고깃집
영등포구,-,서울특별시  영등포구  대림1동  대림로  86 (대림동) 도라(Dora)
영등포구,-,서울특별시  영등포구  대림1동  대림로  1층 (대림동)  96-1 천하튀김꼬치
영등포구,-,서울특별시  영등포구  대림1동  대림로  1층 (대림동)  100 스탑싸인
영등포구,-,서울특별시  영등포구  대림1동  대림로  동화빌딩 1층 (대림동)  76 명륜진사갈비 대림점
영등포구,-,서울특별시  영등포구  대림1동  디지털로67길 무의도바다손칼국수
영등포구,-,서울특별시  영등포구  대림1동  대림로8길 37호) 1층 36  15 (대림동 자매식당
영등포구,-,서울특별시  영등포구  대림1동  대림로8길  11 (대림동) 대림동삼거리 먼지막 순대국
영등포구,-,서울특별시  영등포구  대림1동  대림로8가길  1층 (대림동)  2 1916동북숯불구이
영등포구,-,서울특별시  영등포구  대림2동  대림로  1층 (대림동)  117 황소숯불구이
영등포구,-,서울특별시  영등포구  대림2동  디지털로  346 (대림동) 복만루
영등포구,-,서울특별시  영등포구  대림2동  디지털로54길 1층)  3 (대림동 량쟈샤브샤브구이
영등포구,-,서울특별시  영등포구  대림2동  대림로  1층)  1층 (대림동  89 향팔리
영등포구,-,서울특별시  영등포구  대림2동  대림로 지상1층)  93 (대림동 심양냉면
영등포구,-,서울특별시  영등포구  대림2동  디지털로  2층 (대림동)  351 장미호프
영등포구,-,서울특별시  영등포구  대림2동  도림천로11길  2층 201호)  29 (대림동 술 단밤
영등포구,-,서울특별시  영등포구  대림2동  디지털로  1층 (대림동)  359-1 뉴커
영등포구,-,서울특별시  영등포구  대림2동  디지털로53길  6-1 (대림동) 연변왕꼬치
영등포구,-,서울특별시  영등포구  대림2동  디지털로53길  1층)  8 (대림동 신연변왕꼬치
영등포구,-,서울특별시  영등포구  대림2동  디지털로  2020 1층 101호 (대림동)  343 카페씽
영등포구,-,서울특별시  영등포구  대림2동  대림로23길  1층 (대림동)  15 향팔리
영등포구,-,서울특별시  영등포구  대림2동  대림로23길 영림아파트
영등포구,-,서울특별시  영등포구  대림3동  대림동  대림로  삼전빌딩 1층 (대림동)  167 원조강뚝꼬치구이전문점
영등포구,-,서울특별시  영등포구  대림3동  대림동  대림로29길  43 달빛호프
영등포구,-,서울특별시  영등포구  대림3동  대림동  대림로29길  1층 (대림동)  13 연길해연장국집
영등포구,-,서울특별시  영등포구  대림3동  대림동  대림로 지상1층)  171 (대림동 진짜무릎도가니탕푸주옥
영등포구,-,서울특별시  영등포구  대림3동  대림동  대림로27가길  태안빌딩 1층)  5 (대림동 미국캘리포니아우육면
영등포구,-,서울특별시  영등포구  대림3동  대림동  도림로39길  1층 (대림동)  19 한금훠궈
영등포구,-,서울특별시  영등포구  대림3동  대림동  도림로41길  2층 (대림동)  11-11 두망두망 대림점
영등포구,-,서울특별시  영등포구  대림3동  대림동  도림로41길  청파빌딩 2층 201호 (대림동)  9 미소
영등포구,-,서울특별시  영등포구  대림3동  대림동  도림로37길  지하1층 (대림동)  3-1 럭키
영등포구,-,서울특별시  영등포구  도림동  도림로  1층)  382 (도림동 참나무숯불통닭
영등포구,-,서울특별시  영등포구  문래동  문래동5가  선유로9나길  전일빌딩 3층 301호)  22 (문래동5가 웨스턴차이나(Western China)
영등포구,-,서울특별시  영등포구  문래동  문래동2가  도림로139가길  1층 (문래동2가)  11 골목오리집
영등포구,-,서울특별시  영등포구  문래동  문래동2가  경인로79길  13-1 내피커피
영등포구,-,서울특별시  영등포구  문래동  문래동2가  도림로133길 지상1층)  14-1 (문래동2가 퇴근길호프집
영등포구,-,서울특별시  영등포구  문래동  문래동4가 도림로147길
영등포구,-,서울특별시  영등포구  문래동  문래동2가  도림로133길  2층 (문래동2가)  1층  20 문래동 돼지집
영등포구,-,서울특별시  영등포구  문래동  문래동2가  경인로79길  1층 (문래동2가)  17-2 계옥정
영등포구,-,서울특별시  영등포구  문래동  문래동2가  경인로79길  9 포차준무
영등포구,-,서울특별시  영등포구  문래동  문래동2가  도림로125길  1층 (문래동2가)  16 밤밤
영등포구,-,서울특별시  영등포구  문래동  문래동4가  도림로  3층 (문래동4가)  485-1 알롱지서울 문래점
영등포구,-,서울특별시  영등포구  문래동  문래창작촌  도림로129길  2층 (문래동2가)  5-1 비어바나
영등포구,-,서울특별시  영등포구  문래동  문래동2가  도림로125길  1층 (문래동2가)  34 골목오리집
영등포구,-,서울특별시  영등포구  문래동  문래동1가  도림로  1층 (문래동3가)  434-7 다케오 호르몬 데판야끼(문래점)
영등포구,-,서울특별시  영등포구  문래동  문래동2가 경인로75길
영등포구,-,서울특별시  영등포구  문래동  문래동1가  도림로  1층 (문래동3가)  428-1 대광
영등포구,-,서울특별시  영등포구  문래동  문래동1가  도림로  1층 (문래동3가)  440-22 그리고 문래
영등포구,-,서울특별시  영등포구  문래동  문래동1가  도림로  1층 (문래동3가)  434-4 솥돈
영등포구,-,서울특별시  영등포구  문래동  문래동4가  경인로77길 GS25
영등포구,-,서울특별시  영등포구  문래동  문래동2가  경인로77길  영문빌딩 108호 (문래동2가)  14 갓잇문래점(GODEAT)
영등포구,-,서울특별시  영등포구  문래동  문래동3가 당산로
영등포구,-,서울특별시  영등포구  신길1동  영등포로  1층 (신길동)  373 용오뎅
영등포구,-,서울특별시  영등포구  신길1동 영등포로72길
영등포구,-,서울특별시  영등포구  신길4동  도신로48길  1층 (신길동)  4 고향만두점
영등포구,-,서울특별시  영등포구  신길4동  도신로48길  1층 (신길동)  9 카츠하루영등포점
영등포구,-,서울특별시  영등포구  신길5동  대림동  가마산로  1층)  410 (신길동 또순이
영등포구,-,서울특별시  영등포구  신길5동  대방천로 102호) 두산위브상가101  155 (신길동 맛나는수다
영등포구,-,서울특별시  영등포구  신길5동  대림동  가마산로  1층 (신길동)  412 털보네
영등포구,-,서울특별시  영등포구  신길5동 도림로81길
영등포구,-,서울특별시  영등포구  신길5동  도림로64길  1 (신길동) 청해바다
영등포구,-,서울특별시  영등포구  신길5동  신길로  1층 (신길동)  67 역전할머니맥주
영등포구,-,서울특별시  영등포구  신길5동  신풍로  1~2층 (신길동)  10 한우식당마블스
영등포구,-,서울특별시  영등포구  신길5동  신풍로  13 (신길동) 3.5식당
관악구,-,서울특별시  관악구  조원동  조원로2가길 은행골 본점신관
관악구,-,서울특별시  관악구  조원동 조원중앙로1길
관악구,-,서울특별시  관악구  조원동  신사로 진소갈비
관악구,-,서울특별시  관악구  조원동  난곡로 하회마을
관악구,-,서울특별시  관악구  조원동  난곡로65길 한사리감자탕&뼈구이 난곡점
관악구,-,서울특별시  관악구  조원동  힐스테이트뉴포레  조원로 이모네돌곱창
관악구,-,서울특별시  관악구  신원동 신원로3길
관악구,-,서울특별시  관악구  신림동  신림로70길 더카페(The Cafe)
관악구,-,서울특별시  관악구  은천동 봉천로
관악구,-,서울특별시  관악구  은천동  봉천로35길 가야촌유황오리
관악구,-,서울특별시  관악구  은천동  봉천동  양녕로 새벽길빨간오뎅
관악구,-,서울특별시  관악구  남현동  남현1길 나오리 주물럭 사당점
관악구,-,서울특별시  관악구  남현동  남현1길 비비큐치킨비어사당역점
관악구,-,서울특별시  관악구  청룡동  대원아파트  쑥고개로 133
관악구,-,서울특별시  관악구  서원동  신림로 황후 탕후루(신림점)
관악구,-,서울특별시  관악구  신사동  신사로10길  29 새빛어린이집
관악구,-,서울특별시  관악구  신사동  신사로10길 극야
관악구,-,서울특별시  관악구  신사동  신사로10길 홍카페 HONG CAFE
관악구,-,서울특별시  관악구  서원동  남부순환로 온달집 신림역점
관악구,-,서울특별시  관악구  서원동  남부순환로 챠밍(CHARMING)
관악구,-,서울특별시  관악구  서원동  남부순환로 종가할머니 보쌈
관악구,-,서울특별시  관악구  서원동  신림로59길 개미집 신림점
관악구,-,서울특별시  관악구  서원동  신림로59길  12 전주집고모네
관악구,-,서울특별시  관악구  서원동  신림로59길 신림동피자집
관악구,-,서울특별시  관악구  서원동  남부순환로 리춘시장 신림역점
관악구,-,서울특별시  관악구  서원동  신원로 백소정
관악구,-,서울특별시  관악구  서원동  신원로 등촌샤브칼국수 신림점
관악구,-,서울특별시  관악구  서원동  신원로 은행나무갈매기
관악구,-,서울특별시  관악구  대학동  녹두거리 신림로3가길
관악구,-,서울특별시  관악구  대학동  녹두거리  신림로17길 대학동주민센터
관악구,-,서울특별시  관악구  대학동  신림동금호타운1차아파트 대학18길
관악구,-,서울특별시  관악구  서림동  신림로29길  6 서림동 주민센터
관악구,-,서울특별시  관악구  서림동 서림11가길
관악구,-,서울특별시  관악구  서림동  신림로22길 퀴즈노스 서울대벤처타운역점
관악구,-,서울특별시  관악구  서림동  신림로22길 2번출구
관악구,-,서울특별시  관악구  서림동  신림로18가길 정원쌈밥보리밥
관악구,-,서울특별시  관악구  서림동  신림로26길 등갈비 연탄구이
관악구,-,서울특별시  관악구  서림동  신림로26길 배할머니네
관악구,-,서울특별시  관악구  서림동  신림로26길 족의 한수 신림점
관악구,-,서울특별시  관악구  청림동 청림3길
관악구,-,서울특별시  관악구  청림동  관악푸르지오아파트  청림6길 해밀손칼국수
관악구,-,서울특별시  관악구  신림동 관천로
관악구,-,서울특별시  관악구  서림동  신림로28길 윤chef(셰프)
관악구,-,서울특별시  관악구  보라매동  봉천로17가길 보라매동주민센터
관악구,-,서울특별시  관악구  청림동 청림1길
강남구,-,서울특별시  강남구  신사동  가로수길  압구정로  128 신사동 주민센터
강남구,-,서울특별시  강남구  신사동  신사동 가로수길  강남대로152길  29 가로수 그 곳
강남구,-,서울특별시  강남구  신사동  신사동 가로수길  강남대로152길  33 로얄블랙
강남구,-,서울특별시  강남구  논현1동  논현동  학동로2길  19 손국시
강남구,-,서울특별시  강남구  논현1동  논현동  봉은사로1길  39 해랑
강남구,-,서울특별시  강남구  논현1동  논현동  봉은사로1길  지하1층 밤을 걷는 선비
강남구,-,서울특별시  강남구  논현1동  논현동 봉은사로1길
강남구,-,서울특별시  강남구  논현1동  논현동  강남대로114길  Aged Pork BBQ Samyukga
강남구,-,서울특별시  강남구  논현2동  언주로148길  14 한성칼국수
강남구,-,서울특별시  강남구  논현2동 선릉로145길
강남구,-,서울특별시  강남구  논현2동  언주로148길  35 제이스셀라
강남구,-,서울특별시  강남구  논현2동  언주로134길  24 (주)프라이빗다이닝룸
강남구,-,서울특별시  강남구  논현2동 언주로134길
강남구,-,서울특별시  강남구  논현2동 도산대로46길
강남구,-,서울특별시  강남구  삼성1동  삼성동  삼성로100길  14 헤어by수연
강남구,-,서울특별시  강남구  삼성1동  삼성동 테헤란로81길
강남구,-,서울특별시  강남구  삼성1동 삼성로92길
강남구,-,서울특별시  강남구  삼성1동  삼성동  테헤란로83길  21 웍스프레소
강남구,-,서울특별시  강남구  삼성1동  삼성동  테헤란로83길  53 프로간장게장
강남구,-,서울특별시  강남구  삼성1동  삼성동  봉은사로82길  27 오더에스프레소
강남구,-,서울특별시  강남구  삼성1동  삼성동 삼성로104길
강남구,-,서울특별시  강남구  대치4동  테헤란로64길  14 신동화식품연구소
강남구,-,서울특별시  강남구  대치4동  선릉로86길  38 여포집 본점
강남구,-,서울특별시  강남구  대치4동  삼성로85길  42 온새미로
강남구,-,서울특별시  강남구  대치4동 선릉로90길
강남구,-,서울특별시  강남구  대치4동 삼성로85길
강남구,-,서울특별시  강남구  역삼1동  언주로98길  8-1 부산양곱창
강남구,-,서울특별시  강남구  역삼1동  언주로98길  16 마찌 김치지개&고기냉면
강남구,-,서울특별시  강남구  논현1동  논현동  강남대로120길  12 라무진논현점
강남구,-,서울특별시  강남구  논현1동  논현동  학동로2길  58 빽돈 신논현직영점
강남구,-,서울특별시  강남구  논현1동  논현동  강남대로122길 논골집 영동점
강남구,-,서울특별시  강남구  논현1동  논현동  강남대로112길  12 다크크림
강남구,-,서울특별시  강남구  논현1동  논현동  강남대로122길 사랑의치과
강남구,-,서울특별시  강남구  세곡동  래미안 강남 힐즈 자곡로5길
강남구,-,서울특별시  강남구  삼성2동 선릉로92길
강남구,-,서울특별시  강남구  역삼1동  강남대로  464 금화빌딩
강남구,-,서울특별시  강남구  청담동  삼성로135길  42 서울언북초등학교
강남구,-,서울특별시  강남구  세곡동 율현동
송파구,-,서울특별시  송파구  행정동  오륜동  올림픽로 서울올림픽기념관
송파구,-,서울특별시  송파구  풍납1동 바람드리28길
송파구,-,서울특별시  송파구  풍납2동 한가람로
송파구,-,서울특별시  송파구  마천1동 성내천로
송파구,-,서울특별시  송파구  방이2동  방이동 올림픽로34길
송파구,-,서울특별시  송파구  오금동  성내천로 효담식물원
송파구,-,서울특별시  송파구  방이1동 오금로
송파구,-,서울특별시  송파구  문정1동 동남로
송파구,-,서울특별시  송파구  가락1동 자전거 전용
송파구,-,서울특별시  송파구  가락1동  송파대로  헬리오시티 1A상가 1A상가
송파구,-,서울특별시  송파구  가락1동  송파대로 로도덴드론가든
송파구,-,서울특별시  송파구  가락2동  오금동  오금로  422 에버펫 동물병원
송파구,-,서울특별시  송파구  위례동 헌릉로
송파구,-,서울특별시  송파구  잠실본동  삼전동 백제고분로
송파구,-,서울특별시  송파구  행정동 올림픽로37길
송파구,-,서울특별시  송파구  잠실7동 올림픽로
송파구,-,서울특별시  송파구  위례동  위례서이로  25 송파든든어린이집
송파구,-,서울특별시  송파구  위례동 위례순환로
송파구,-,서울특별시  송파구  위례동  위례순환로 대신증권 교육연구시설
강동구,-,서울특별시  강동구  암사2동 올림픽로93길
강동구,-,서울특별시  강동구  천호2동  천호동 올림픽로70길
강동구,-,서울특별시  강동구  성내2동 천호옛길
강동구,-,서울특별시  강동구  성내3동 양재대로83길
서초구,-,서울특별시  서초구  반포4동 신반포로
서대문구,-,서울특별시  서대문구  연희동 연희맛로
